ShortURLHash,PostPathYu9jSF7K,/posts/broadcasts/95d2c60d05a4c9e0b06f82bca88cd266113d979c
XD83y4bk,/posts/broadcasts/95d2c60d05a4c9e0b06f82bca88cd266113d979c
GR5krVhK,/posts/broadcasts/1f0d7154f2654ceb38e3cc0f786bb46dde3cf87a
fMBeoSFr,/posts/broadcasts/1f0d7154f2654ceb38e3cc0f786bb46dde3cf87a
TmR6th5j,/posts/broadcasts/396695ad8fbd519dafc3701f8bb283f6d92ecac4
eKjbiJhG,/posts/broadcasts/396695ad8fbd519dafc3701f8bb283f6d92ecac4
EzbLZ4Pk,/posts/broadcasts/89141b8b9e4831febe95259b3e029abdde12e634
etmU5w9e,/posts/broadcasts/89141b8b9e4831febe95259b3e029abdde12e634
6GY8iP6d,/posts/broadcasts/6460a7071faa4395aa3170508ff1e347df4a0f26
hRjMLFnz,/posts/broadcasts/6460a7071faa4395aa3170508ff1e347df4a0f26
iDfhTBvS,/posts/broadcasts/423de4a5f062fe0145aeb19a89e8a6efde5a75f1
6sj3gUFJ,/posts/broadcasts/423de4a5f062fe0145aeb19a89e8a6efde5a75f1
HZbFrnMv,/posts/broadcasts/d9063ca547c7f7a2e39e13d7c48baf0d0365eec2
GnqTNYLC,/posts/broadcasts/d9063ca547c7f7a2e39e13d7c48baf0d0365eec2
ZzzPXzWi,/posts/broadcasts/ed9a0e9c6f36907bd4b887a657f337505eea3c65
VDtB9m8h,/posts/broadcasts/ed9a0e9c6f36907bd4b887a657f337505eea3c65
gJvNqVEE,/posts/broadcasts/699b84dcacc687d0e32ccf66fa11bb443ac1f265
NLj6kmuC,/posts/broadcasts/699b84dcacc687d0e32ccf66fa11bb443ac1f265
9MbM4cnz,/posts/broadcasts/92f180aabcbed9f35f5bf789af5463e0a13f4eb4
GAL7hZuZ,/posts/broadcasts/92f180aabcbed9f35f5bf789af5463e0a13f4eb4
6D4bAy9Q,/posts/broadcasts/871208c9a6777caa0c7462afc611f7daf1feb715
AXAhyxuK,/posts/broadcasts/871208c9a6777caa0c7462afc611f7daf1feb715
3FRcjMZ4,/posts/broadcasts/4203d2872c755cb6df714021353789253e5287fb
2NAuo4dx,/posts/broadcasts/4203d2872c755cb6df714021353789253e5287fb
7Lyin3w2,/posts/broadcasts/1a7a8eaa7cd44d319bfd0a06b86a0a719c95aeeb
LBba7HBK,/posts/broadcasts/1a7a8eaa7cd44d319bfd0a06b86a0a719c95aeeb
kiUaKSLs,/posts/broadcasts/01c20620590d504904da79b329cf8ce86831ebbf
VUHTVr57,/posts/broadcasts/01c20620590d504904da79b329cf8ce86831ebbf
2fZmAjfe,/posts/broadcasts/4165f0a75460a921d6a7e03fc0459bd37b2fcf1a
KKzcbMcx,/posts/broadcasts/4165f0a75460a921d6a7e03fc0459bd37b2fcf1a
W8TTUM2p,/posts/broadcasts/598e4265c8a29dcbbf57a4a27d0a27dc8a53f2e7
ZSrSsRLA,/posts/broadcasts/598e4265c8a29dcbbf57a4a27d0a27dc8a53f2e7
cVWjHRdH,/posts/broadcasts/e4f48a694da0bddd71db381818e4ecb7ed7d3df3
XsfkNSvP,/posts/broadcasts/e4f48a694da0bddd71db381818e4ecb7ed7d3df3
dAuRHFNh,/posts/broadcasts/b744693c696036c6aeebaef9413fe5adf0e8d8ee
9DWSdgZD,/posts/broadcasts/b744693c696036c6aeebaef9413fe5adf0e8d8ee
Qd3LRC4W,/posts/broadcasts/246d20c8ec5ed42ad0a54638f0a946c68f1cc656
CM75fQ7N,/posts/broadcasts/246d20c8ec5ed42ad0a54638f0a946c68f1cc656
JzYGF2ze,/posts/broadcasts/ebbaa8a16f7af9068fe4a6e548f86945b85d617a
Mar7RrGE,/posts/broadcasts/ebbaa8a16f7af9068fe4a6e548f86945b85d617a
LPgfb6Yv,/posts/broadcasts/6e4207c869d588f053a4f0380286b0559d691ce7
NFfG3TRE,/posts/broadcasts/6e4207c869d588f053a4f0380286b0559d691ce7
LCg9jhpe,/posts/broadcasts/637300091977ab28f9c0f3f0512202d83ac33cf3
32S74JKM,/posts/broadcasts/637300091977ab28f9c0f3f0512202d83ac33cf3
4SHnBPoc,/posts/broadcasts/308ec7a05b27be75ef997dedad7a85a29783c6c5
5Mr4PNri,/posts/broadcasts/308ec7a05b27be75ef997dedad7a85a29783c6c5
8GCSzves,/posts/broadcasts/e12064c86fd4e13cfc0010f5c9aaf4d3d51cf8e1
A3Czysqs,/posts/broadcasts/e12064c86fd4e13cfc0010f5c9aaf4d3d51cf8e1
JPNc9h79,/posts/broadcasts/58e495a9330d46367aa93e26773e0ee0e399fe58
8JAJ4AWd,/posts/broadcasts/58e495a9330d46367aa93e26773e0ee0e399fe58
kM7hUwMc,/posts/broadcasts/1a4400d456ed03af6e8a569c5100fdd7c05f49dc
G9Yp9Adp,/posts/broadcasts/1a4400d456ed03af6e8a569c5100fdd7c05f49dc
PsY6WQNK,/posts/broadcasts/292a3828d4af1c532c438b06237dd4b829c1e5ff
2qdJi4md,/posts/broadcasts/292a3828d4af1c532c438b06237dd4b829c1e5ff
NSa3s7o8,/posts/broadcasts/618bc64df15c20479697d8065a7b3a0f32b9fd04
S5dUYD8y,/posts/broadcasts/618bc64df15c20479697d8065a7b3a0f32b9fd04
VKnH5BJp,/posts/broadcasts/93e46587a9a9bcd8546bcd811759274a020f23b6
AprhLLUk,/posts/broadcasts/93e46587a9a9bcd8546bcd811759274a020f23b6
3FjCqP5F,/posts/broadcasts/573440aa6836c2b4dee678a0a5b53a1c537d04e2
acCLCGvZ,/posts/broadcasts/573440aa6836c2b4dee678a0a5b53a1c537d04e2
axNTyu5z,/posts/broadcasts/6a009db5210d9a0f05ae0f6f935ba8080b77373d
HEnLW4f5,/posts/broadcasts/6a009db5210d9a0f05ae0f6f935ba8080b77373d
mADBTMdi,/posts/broadcasts/605a3775594a6f84b6cb98eb6266a6d783593264
e9tGkG7y,/posts/broadcasts/605a3775594a6f84b6cb98eb6266a6d783593264
8t5uY7h2,/posts/broadcasts/7cfcb3def40bd33a5b4a0cd90e2c93ab799f5efb
6Y36Zsz7,/posts/broadcasts/7cfcb3def40bd33a5b4a0cd90e2c93ab799f5efb
2diUGuTu,/posts/broadcasts/d322a555a93a83c4bfee200f3a7bcac822070002
D6LXv9Ay,/posts/broadcasts/d322a555a93a83c4bfee200f3a7bcac822070002
jtC3ZGmG,/posts/broadcasts/4644996ec67266d6f9fc06f2372e2f194f296c14
TTd5vVQd,/posts/broadcasts/4644996ec67266d6f9fc06f2372e2f194f296c14
9jscyTWz,/posts/broadcasts/1020e2a5bb35e4c240121cf22c5efb449738510e
ecekqbZs,/posts/broadcasts/1020e2a5bb35e4c240121cf22c5efb449738510e
dwWa7Hh6,/posts/broadcasts/2e05052f8aa7ca6ed7ded04b02f97ba08c32cbea
iULP4EiK,/posts/broadcasts/2e05052f8aa7ca6ed7ded04b02f97ba08c32cbea
MDbuMsjD,/posts/broadcasts/9e88357ef590622f96cff4e4e1bca27ee8bd2904
esPQzLRM,/posts/broadcasts/9e88357ef590622f96cff4e4e1bca27ee8bd2904
jfU8ucze,/posts/broadcasts/405663f6b3e2b0f0068dce227e922eab0627eab3
StXGogkz,/posts/broadcasts/405663f6b3e2b0f0068dce227e922eab0627eab3
25TE6yf4,/posts/broadcasts/9763b0f50d2b29c777c482fba335f3db721b65f9
SZ8Du248,/posts/broadcasts/9763b0f50d2b29c777c482fba335f3db721b65f9
jtRm3Xeq,/posts/broadcasts/102d5f3575c0d85878d940b77ad0d922d228d15a
a8363itx,/posts/broadcasts/102d5f3575c0d85878d940b77ad0d922d228d15a
9QUMD5RX,/posts/broadcasts/6b995e6e533699dbd9012ee57cd855dac024c708
9MnGNmjr,/posts/broadcasts/6b995e6e533699dbd9012ee57cd855dac024c708
aT9Fqu2g,/posts/broadcasts/a4789f7f7318769093e888bb8d776b568ed8e86b
Ra2zrEYR,/posts/broadcasts/a4789f7f7318769093e888bb8d776b568ed8e86b
MJM8KLqr,/posts/broadcasts/95e1c97903f1eb3812f24efca1206715a5c06249
BXBHb3dF,/posts/broadcasts/95e1c97903f1eb3812f24efca1206715a5c06249
hnNsZ9F7,/posts/broadcasts/886fc26eb321142703e07ef584431e64e108e2bd
PYpCTVWi,/posts/broadcasts/886fc26eb321142703e07ef584431e64e108e2bd
RT9susdw,/posts/broadcasts/9ff7dee8443fede351e7d89e009f61f4a0865ab1
WdnqddEA,/posts/broadcasts/9ff7dee8443fede351e7d89e009f61f4a0865ab1
42oxRnJT,/posts/broadcasts/d99b8d570f88aed8c973501ec2e35a7a4df9f7be
Ekw2DsY4,/posts/broadcasts/d99b8d570f88aed8c973501ec2e35a7a4df9f7be
JkXidxJ6,/posts/broadcasts/0e5d2f05970c2c92c0965c8ebb1df15ba174a2e2
E3pNaGV2,/posts/broadcasts/0e5d2f05970c2c92c0965c8ebb1df15ba174a2e2
QpHdVmZK,/posts/broadcasts/55a33232efb6ff5fc4abc796b371cb6130aa3701
H95nnwkR,/posts/broadcasts/55a33232efb6ff5fc4abc796b371cb6130aa3701
fyqQKsTw,/posts/broadcasts/fd07d11485ba149bce6838c042b3f2caf5ed6c27
ChQ6yRMS,/posts/broadcasts/fd07d11485ba149bce6838c042b3f2caf5ed6c27
Evjer69s,/posts/broadcasts/43b486627f1c9aed15c1ec9288b45dc921256151
LhKXcqF7,/posts/broadcasts/43b486627f1c9aed15c1ec9288b45dc921256151
JUH8AJa7,/posts/broadcasts/001244c9bbbb29e9df3b41907c493f94ad280539
8dUy5Mna,/posts/broadcasts/001244c9bbbb29e9df3b41907c493f94ad280539
f5skyLTw,/posts/broadcasts/a75943e01a7c65ae3071c6c39e2ead92a1146dc5
Fd6HZeuW,/posts/broadcasts/a75943e01a7c65ae3071c6c39e2ead92a1146dc5
QVv4ThhZ,/posts/broadcasts/e29706ae96e0deec07f968fcac95ef9b1f568861
oEwwMBXt,/posts/broadcasts/e29706ae96e0deec07f968fcac95ef9b1f568861
Jva2bdAG,/posts/broadcasts/e9ae3b4421d8d9adb7039ea0404fe892161b9458
KpAgq6UV,/posts/broadcasts/e9ae3b4421d8d9adb7039ea0404fe892161b9458
BYhyJ2dE,/posts/broadcasts/31631709e66f3a085be7aabb6fb57f0b4b35549d
i5uAbLw8,/posts/broadcasts/31631709e66f3a085be7aabb6fb57f0b4b35549d
o9NBDtSX,/posts/broadcasts/6642c0fb4de2c5da441517056255609074d2a656
gdiUrAfy,/posts/broadcasts/6642c0fb4de2c5da441517056255609074d2a656
gsFZBh3y,/posts/broadcasts/75c53dd3f909bfdf48315cee5c35107b78e55a88
aiARjMhk,/posts/broadcasts/75c53dd3f909bfdf48315cee5c35107b78e55a88
MbGD3FX3,/posts/broadcasts/f047ee9a98375bfbe1ded723e10c1a912d3b0baf
bgoWZZmz,/posts/broadcasts/f047ee9a98375bfbe1ded723e10c1a912d3b0baf
FWEfTEuU,/posts/broadcasts/de8ac147453e7aa6952a6ce38741aecc053559b0
AJEQTa9L,/posts/broadcasts/de8ac147453e7aa6952a6ce38741aecc053559b0
RuswH6oC,/posts/broadcasts/93dec5af779c069d3f60b43c6863f8e9f23f7167
j85Rs7Hm,/posts/broadcasts/93dec5af779c069d3f60b43c6863f8e9f23f7167
g6JB9H7v,/posts/broadcasts/8515b516381db9c4280511bb027004e223821271
mKWLRm3T,/posts/broadcasts/8515b516381db9c4280511bb027004e223821271
hdcLmUpv,/posts/broadcasts/9dc60b797b98962d530b0f71a6c697e317f012a4
jgp53YZk,/posts/broadcasts/9dc60b797b98962d530b0f71a6c697e317f012a4
eSB7U46B,/posts/broadcasts/7a9406e9f80acb6d1ff768c2a6c76b8e5741d60e
m2xVuYpi,/posts/broadcasts/7a9406e9f80acb6d1ff768c2a6c76b8e5741d60e
9RiCQtRv,/posts/broadcasts/595446530644fcf489d9a73ed92f0fed912b8540
mDPH24FR,/posts/broadcasts/595446530644fcf489d9a73ed92f0fed912b8540
AmVsc3QL,/posts/broadcasts/9bfcff504734d77e2bded5b0d173758f6d1285ff
hRe4k5h2,/posts/broadcasts/9bfcff504734d77e2bded5b0d173758f6d1285ff
frMYLVGz,/posts/broadcasts/e65c9aecac1ee39a20fee884e210905d4152429e
RkJ2r5AX,/posts/broadcasts/e65c9aecac1ee39a20fee884e210905d4152429e
k5Sfyx3V,/posts/broadcasts/91540632239bbb60807cdf2ae3e269c21a631e56
iNGtWqJg,/posts/broadcasts/91540632239bbb60807cdf2ae3e269c21a631e56
CBXU5SXU,/posts/broadcasts/98daa6720b6a1730b3a7ccf88c8dbc0d447ea25d
NJwHRhFC,/posts/broadcasts/98daa6720b6a1730b3a7ccf88c8dbc0d447ea25d
LyuLs7nz,/posts/broadcasts/23fa7e42da5af73e2b50bba72d8e9d82f4949e44
nQnTcZz6,/posts/broadcasts/23fa7e42da5af73e2b50bba72d8e9d82f4949e44
7JJxX7Dk,/posts/broadcasts/aaab425e2bbfcd05cf8d454575b752c2f00e055e
NkzzArze,/posts/broadcasts/aaab425e2bbfcd05cf8d454575b752c2f00e055e
CkNSoKZp,/posts/broadcasts/dec9cc82f68c23ffd4e9d85110c94bd80331e45e
Gqa66S3T,/posts/broadcasts/dec9cc82f68c23ffd4e9d85110c94bd80331e45e
7MWDkAcw,/posts/broadcasts/303f08279eadf05f3f41cfce4d310dd9dc33dcf6
VqSsS5RZ,/posts/broadcasts/303f08279eadf05f3f41cfce4d310dd9dc33dcf6
T97kBB7A,/posts/broadcasts/e7d5fa3b68e0028e5b6b36391e29a03acbb23e63
Ts4gfyJS,/posts/broadcasts/e7d5fa3b68e0028e5b6b36391e29a03acbb23e63
Pj9EGf28,/posts/broadcasts/f0c01557a6df49bebec91eaabc84e7cd8f1c01e4
Csq7AvT9,/posts/broadcasts/f0c01557a6df49bebec91eaabc84e7cd8f1c01e4
kTDfxfu9,/posts/broadcasts/9f3a6300865f46ae1e5a86c8dc8df7ee28ff9aed
Ktn3xBrc,/posts/broadcasts/9f3a6300865f46ae1e5a86c8dc8df7ee28ff9aed
BwBpcEQn,/posts/broadcasts/81d9cf98c29b118b2424db5eb176291536705803
ifePcwp6,/posts/broadcasts/81d9cf98c29b118b2424db5eb176291536705803
EHeGeF7E,/posts/broadcasts/eef93fb0f03e388053aae1e33810096f5c78d297
LVtJaYsT,/posts/broadcasts/eef93fb0f03e388053aae1e33810096f5c78d297
Smt6cmgf,/posts/broadcasts/95798a03588fa62cd1e69d6477e491f4c1831956
mjDBTbed,/posts/broadcasts/95798a03588fa62cd1e69d6477e491f4c1831956
fxEMEMhh,/posts/broadcasts/a027e289b2deb81e8941dcb678e365af195a9a2a
j9TaYvE4,/posts/broadcasts/a027e289b2deb81e8941dcb678e365af195a9a2a
aSuwBY8V,/posts/broadcasts/6fc4843743d6608628e7d4328c9496319305b61d
DikCPyL9,/posts/broadcasts/6fc4843743d6608628e7d4328c9496319305b61d
fjVCJxVF,/posts/broadcasts/d9d4e1db8ce3e36518c3d0d1d38deebfb264f5de
PsHMNB9Q,/posts/broadcasts/d9d4e1db8ce3e36518c3d0d1d38deebfb264f5de
6HRZtp23,/posts/broadcasts/3450f811dbb82965e709130009a81a02282dd80a
3o6VLbGq,/posts/broadcasts/3450f811dbb82965e709130009a81a02282dd80a
T23fUfU3,/posts/broadcasts/3a11fd119a241ebdf988857e580d57058dbe40a6
L6zg7vCc,/posts/broadcasts/3a11fd119a241ebdf988857e580d57058dbe40a6
77BYfhLX,/posts/broadcasts/fc3ffced9154bf4fa607cbf8b3b3765dec096726
DHxGwLv6,/posts/broadcasts/fc3ffced9154bf4fa607cbf8b3b3765dec096726
NdchLkvN,/posts/broadcasts/90587569f08d686159de94aa150fc316fedfd547
bXSnYLef,/posts/broadcasts/90587569f08d686159de94aa150fc316fedfd547
U8ncxNbe,/posts/broadcasts/03d0310454e3d081d79b88cdd5cc493f69e63784
NasnsGqv,/posts/broadcasts/03d0310454e3d081d79b88cdd5cc493f69e63784
M6jyozRP,/posts/broadcasts/25f9a48abe2f87aca3101e5d5d9b5d3848b7e9aa
SKZF9CrA,/posts/broadcasts/25f9a48abe2f87aca3101e5d5d9b5d3848b7e9aa
9iaSv9zW,/posts/broadcasts/09c0fda49c92be1d004844fcdf0bb929de3b7f88
kUeTKodk,/posts/broadcasts/09c0fda49c92be1d004844fcdf0bb929de3b7f88
iN9ahX5V,/posts/broadcasts/60aa0fbbfe55bd0c3f85ea0690db4ecdc2a28737
8PkVRqUc,/posts/broadcasts/60aa0fbbfe55bd0c3f85ea0690db4ecdc2a28737
TwYy3DEw,/posts/broadcasts/0bc34dc6d32f44d0f84a824371cfa46a8d008a97
VfJPCNat,/posts/broadcasts/0bc34dc6d32f44d0f84a824371cfa46a8d008a97
cJ4PpZGN,/posts/broadcasts/b79a7b68eb9da65c03824be12a214bb869f59df1
YsU5xYGc,/posts/broadcasts/b79a7b68eb9da65c03824be12a214bb869f59df1
SToxyCHL,/posts/broadcasts/2833edb72809e984f9cb6f4eb231eb288feeae37
eFX2ydGD,/posts/broadcasts/2833edb72809e984f9cb6f4eb231eb288feeae37
RLnskuWs,/posts/broadcasts/a64bbf9b615e07872c4dfa6729636fb6dd36986f
RBDnnFCk,/posts/broadcasts/a64bbf9b615e07872c4dfa6729636fb6dd36986f
NKuCafrd,/posts/broadcasts/22a40bd6c42ca4f46d872f6db96efce474c16d23
QCuPA4pH,/posts/broadcasts/22a40bd6c42ca4f46d872f6db96efce474c16d23
esEH45Sb,/posts/broadcasts/7c407758a1996d6a96c948d58d79ee0fd773683e
SjM4KzSv,/posts/broadcasts/7c407758a1996d6a96c948d58d79ee0fd773683e
b25MJXTH,/posts/broadcasts/6dbbd38aff48bea03357d3b0dfd16e711afd67f4
fJPspgLK,/posts/broadcasts/6dbbd38aff48bea03357d3b0dfd16e711afd67f4
a9yHcbaL,/posts/broadcasts/c80c3e0ee6d9c6698f804b4a4908ad1904adafd4
UpUC3jqq,/posts/broadcasts/c80c3e0ee6d9c6698f804b4a4908ad1904adafd4
WSMSQZay,/posts/broadcasts/19cdec62dbca1ec81815caed113070946f91e362
Tq3sRMnc,/posts/broadcasts/19cdec62dbca1ec81815caed113070946f91e362
PDpX7w38,/posts/broadcasts/f27ec40d06476fb7f21da83f7d8e986f78df125b
mUY4pj4o,/posts/broadcasts/f27ec40d06476fb7f21da83f7d8e986f78df125b
TaDdVbQB,/posts/broadcasts/5d7e16a55025bda25488d2d7bfb66b9ceb1f6a23
3x9DeTiB,/posts/broadcasts/5d7e16a55025bda25488d2d7bfb66b9ceb1f6a23
dM5JsAp5,/posts/broadcasts/57aab3ea4af44d5740d90c2e063bc6eacb78903c
PL557xLd,/posts/broadcasts/57aab3ea4af44d5740d90c2e063bc6eacb78903c
7pniSVcP,/posts/broadcasts/f0b5dc5bc6e66b7205a702bc64178c6dc8c35db0
insNj9Bq,/posts/broadcasts/f0b5dc5bc6e66b7205a702bc64178c6dc8c35db0
5a4GcC9v,/posts/broadcasts/534a18244dc39f8225aedebe2fff0d4f971ed690
3DepJczr,/posts/broadcasts/534a18244dc39f8225aedebe2fff0d4f971ed690
kFVvH79o,/posts/broadcasts/3a78b6ac5b4ec10c8add798701c8277a722b4da8
HQjH9jhG,/posts/broadcasts/3a78b6ac5b4ec10c8add798701c8277a722b4da8
mdqfXuq9,/posts/broadcasts/40826993d1eb695ace4ccb9934873ce10c5ef4e1
WdKDbX6K,/posts/broadcasts/40826993d1eb695ace4ccb9934873ce10c5ef4e1
FiYwKfCE,/posts/broadcasts/68f011efdc58283e2ec8d2623b7ff8ddf9de8e9f
Mrdp2gq6,/posts/broadcasts/68f011efdc58283e2ec8d2623b7ff8ddf9de8e9f
GgyNCew6,/posts/broadcasts/8067ab606ca82e801eaddaee2351d978d8c8efc5
2kdmJniJ,/posts/broadcasts/8067ab606ca82e801eaddaee2351d978d8c8efc5
jN85kh7M,/posts/broadcasts/d79867aac98e24f59d4871f7755835b7fb19eacf
WKTUUF2U,/posts/broadcasts/d79867aac98e24f59d4871f7755835b7fb19eacf
VCVPCSnk,/posts/broadcasts/bee44028665128f30efb7dc8f5bab912a6cb9567
34oBZKhF,/posts/broadcasts/bee44028665128f30efb7dc8f5bab912a6cb9567
hhhkoooh,/posts/broadcasts/419aad2f202996eb8963ae2433b78585d51dc5d4
PpPDnXRv,/posts/broadcasts/419aad2f202996eb8963ae2433b78585d51dc5d4
GCEXc7s5,/posts/broadcasts/e5107ee705f3ed2731128c7fb2e003111dc928ad
EQikneY3,/posts/broadcasts/e5107ee705f3ed2731128c7fb2e003111dc928ad
oVa8XtTJ,/posts/broadcasts/bd6999c4b4f4ba5d80e6be408deb99bd24d5b9ee
HibuxZR8,/posts/broadcasts/bd6999c4b4f4ba5d80e6be408deb99bd24d5b9ee
SEFJdQ7Z,/posts/broadcasts/16f36ef72fb43b047ee785f373e5a0f643f137f9
nSvKv8Wc,/posts/broadcasts/16f36ef72fb43b047ee785f373e5a0f643f137f9
Ccesn2mu,/posts/broadcasts/2bed71f41555ef273818e010340f34631e03546d
aoWitM5p,/posts/broadcasts/2bed71f41555ef273818e010340f34631e03546d
NH77GeSB,/posts/broadcasts/b8043d057fa2a1971b5b0603daed5bb8785c0d5a
YkuQJUth,/posts/broadcasts/b8043d057fa2a1971b5b0603daed5bb8785c0d5a
UrncoBVd,/posts/broadcasts/e33ff4e1a5a52db316495fe1c68464c817d70ada
WTepeR3R,/posts/broadcasts/e33ff4e1a5a52db316495fe1c68464c817d70ada
PDXAjHYK,/posts/broadcasts/8c952fa71284a3e69bb0b035d063e468385bbee6
RyJmYG3E,/posts/broadcasts/8c952fa71284a3e69bb0b035d063e468385bbee6
N8eoviny,/posts/broadcasts/c045c93f0c67d085a42864b248d4f255ef62f8ad
hUL4LxVG,/posts/broadcasts/c045c93f0c67d085a42864b248d4f255ef62f8ad
QXgpj4kG,/posts/broadcasts/e52fe6b83d1731c78c01a8e97d455f302d1bf6aa
4TELRFRN,/posts/broadcasts/e52fe6b83d1731c78c01a8e97d455f302d1bf6aa
nMqsL4Xq,/posts/broadcasts/f1c1eb9f9db8945b24ab38ab06777663da2e5d00
C4N8ofR5,/posts/broadcasts/f1c1eb9f9db8945b24ab38ab06777663da2e5d00
mRyYjYfC,/posts/broadcasts/3d6e288f4bd8ad4f205859fc1096520105fc3c1d
buePNHPk,/posts/broadcasts/3d6e288f4bd8ad4f205859fc1096520105fc3c1d
44URyTkk,/posts/broadcasts/c8d040ce925c47ef856bf6262771ec74efb9ccc5
cBBfZWeY,/posts/broadcasts/c8d040ce925c47ef856bf6262771ec74efb9ccc5
ZnHn9Vbz,/posts/broadcasts/2415090f8ce45626e225507fe3b65d93b23e1fb8
ixnaDS4u,/posts/broadcasts/2415090f8ce45626e225507fe3b65d93b23e1fb8
HquXdXMq,/posts/broadcasts/725fe31c9c996f9f8621edc14eb2d444c7e32491
fbXvowt8,/posts/broadcasts/725fe31c9c996f9f8621edc14eb2d444c7e32491
LJSYb4kb,/posts/broadcasts/2e9662811dbe84dc27ad985e28555fa23a9284bd
btJn55Gf,/posts/broadcasts/2e9662811dbe84dc27ad985e28555fa23a9284bd
QSwxFhdJ,/posts/broadcasts/717401d7d4d36c324e4a6d6c17bfe4763b6d2447
LfQ9VxdA,/posts/broadcasts/717401d7d4d36c324e4a6d6c17bfe4763b6d2447
3PmikKQB,/posts/broadcasts/a18fa82cf13746f73ddc860a95a49a8202159624
Tw8ZNizU,/posts/broadcasts/a18fa82cf13746f73ddc860a95a49a8202159624
GKHvJBJ9,/posts/broadcasts/8e924c5172c264adda6c9fc6ea0131cda570c4e9
g2Deh4Sm,/posts/broadcasts/8e924c5172c264adda6c9fc6ea0131cda570c4e9
3YPZTJRV,/posts/broadcasts/de93f3ca441d52fca227db2b4771ee552657f9f0
JBYnUFC8,/posts/broadcasts/de93f3ca441d52fca227db2b4771ee552657f9f0
aQcbBgab,/posts/broadcasts/6dd12f2a75042c33afae2808f52c1aa02740e4fe
3ExSZCeT,/posts/broadcasts/6dd12f2a75042c33afae2808f52c1aa02740e4fe
GrKj5PKF,/posts/broadcasts/855e4efde6f4e92d3a49596dbf6a42252caf3c2f
9eCfChtt,/posts/broadcasts/855e4efde6f4e92d3a49596dbf6a42252caf3c2f
WqBRECjj,/posts/broadcasts/4d7d20d9da91dd9070b7c2f15a7f2bc05584f2cc
bDeamwzB,/posts/broadcasts/4d7d20d9da91dd9070b7c2f15a7f2bc05584f2cc
GS8Q8S8t,/posts/broadcasts/f192930f37dfc97999f4059326cd8a950c007e56
8MYD7je4,/posts/broadcasts/f192930f37dfc97999f4059326cd8a950c007e56
JQAEXhBx,/posts/broadcasts/f50754f353a3755e61c6c924fdd8d85fdbcdf028
jegTwufK,/posts/broadcasts/f50754f353a3755e61c6c924fdd8d85fdbcdf028
AwYs9nzj,/posts/broadcasts/602b1c0f5d58841c0aab6dc608447b9f4b9a64c2
dqJ5zw3U,/posts/broadcasts/602b1c0f5d58841c0aab6dc608447b9f4b9a64c2
JCtsK96V,/posts/broadcasts/3824cbc425b4a87791b04a30c8af728f7706e427
G7jGq3Rk,/posts/broadcasts/3824cbc425b4a87791b04a30c8af728f7706e427
Pop46QrE,/posts/broadcasts/b4b7c44fd19cdff421dde6f75af9d4c02879bae3
czibDVwp,/posts/broadcasts/b4b7c44fd19cdff421dde6f75af9d4c02879bae3
Vpzm5nCS,/posts/broadcasts/2c4d5ee85d44707b4218e7e3f849ad6637f2b043
Yu7Cjh73,/posts/broadcasts/2c4d5ee85d44707b4218e7e3f849ad6637f2b043
GRQ56M4X,/posts/broadcasts/7281fae36ba64b0f251c1d29eeec8bd085df41d8
YtJ8FWck,/posts/broadcasts/7281fae36ba64b0f251c1d29eeec8bd085df41d8
iphRgTkG,/posts/broadcasts/5060c9f9550e6680410adabaec6b3dbdbeaffa40
D5sgcuKx,/posts/broadcasts/5060c9f9550e6680410adabaec6b3dbdbeaffa40
Ca6feKbQ,/posts/broadcasts/d71ad59c1460b85deaea3da0eb70efb5938e6dc5
Je8w23bx,/posts/broadcasts/d71ad59c1460b85deaea3da0eb70efb5938e6dc5
DGcsC2B5,/posts/broadcasts/553c9b498aea7834335fc9ee3beddd225aa3cbbf
cbzkjcv7,/posts/broadcasts/553c9b498aea7834335fc9ee3beddd225aa3cbbf
kWXU6xw4,/posts/broadcasts/992333ccba08b0fabb54528e0c84d51c013ab4c2
XsQU96Kv,/posts/broadcasts/992333ccba08b0fabb54528e0c84d51c013ab4c2
o4E2npZb,/posts/broadcasts/5f83d00b2105604524b463440ce6c0f7f6422dfc
P7BYFSNy,/posts/broadcasts/5f83d00b2105604524b463440ce6c0f7f6422dfc
nHsZtWt4,/posts/broadcasts/d2e6ff1b1fbe81f1650369291761e6a4a65e2eeb
CetXzX6q,/posts/broadcasts/d2e6ff1b1fbe81f1650369291761e6a4a65e2eeb
LKaPUZEK,/posts/broadcasts/cb03ed9eb73351b96ab07333ae8e83e09932d574
QqfcNz2P,/posts/broadcasts/cb03ed9eb73351b96ab07333ae8e83e09932d574
K3Ec5yZz,/posts/broadcasts/444ca65893c309c38ff638abaf7659adde191c2e
TXipTnMh,/posts/broadcasts/444ca65893c309c38ff638abaf7659adde191c2e
fTQ97aqx,/posts/broadcasts/c200d6c2b2970d7ca152f9c6b84bc7c280ec7d75
MuoUX8h7,/posts/broadcasts/c200d6c2b2970d7ca152f9c6b84bc7c280ec7d75
BiTBuB5P,/posts/broadcasts/ed9711303adfea693e6a1eb15f7dd9c9e4d3f3c2
5BsNVZBj,/posts/broadcasts/ed9711303adfea693e6a1eb15f7dd9c9e4d3f3c2
LkHsjgY3,/posts/broadcasts/c7ec3b90e3bf2fee369e4d02f9aac94ba1b267c1
NM6doW3X,/posts/broadcasts/c7ec3b90e3bf2fee369e4d02f9aac94ba1b267c1
P2WGo4Vb,/posts/broadcasts/45c808caae6a76ff3555cdb0f8e1a32844a078f3
bNXFtR6G,/posts/broadcasts/45c808caae6a76ff3555cdb0f8e1a32844a078f3
AYvKFFTK,/posts/broadcasts/bba27a2e1c335f59a308be2274cbbdffab76172f
eXMidNTX,/posts/broadcasts/bba27a2e1c335f59a308be2274cbbdffab76172f
QhABfjGn,/posts/broadcasts/6a213306297b0babb2f7b685cf7715666dbd4222
JGiFtyWT,/posts/broadcasts/6a213306297b0babb2f7b685cf7715666dbd4222
ViHzbzWC,/posts/broadcasts/84b50262c2af674bcfa19b27a7831e4ac9a5f4c4
TwtH6Tkz,/posts/broadcasts/84b50262c2af674bcfa19b27a7831e4ac9a5f4c4
NkfTpocd,/posts/broadcasts/54c8d2ec4d39d8ba420cf64e0b739d1df8a2cc2a
XHVJ6VuU,/posts/broadcasts/54c8d2ec4d39d8ba420cf64e0b739d1df8a2cc2a
nmMVnn5K,/posts/broadcasts/59a664d8bb1a5700da4c97c98d64157323b8d8a3
gjLYcz45,/posts/broadcasts/59a664d8bb1a5700da4c97c98d64157323b8d8a3
eX7U7ESb,/posts/broadcasts/a0a42714d2609161b1dfd69475b1e7ca7780d57c
Tvpwhz3r,/posts/broadcasts/a0a42714d2609161b1dfd69475b1e7ca7780d57c
8M7hZgHt,/posts/broadcasts/f2386869b06d07c06255cde3c97358d871a1d6fe
6Hycdvff,/posts/broadcasts/f2386869b06d07c06255cde3c97358d871a1d6fe
mzzzaUVB,/posts/broadcasts/c9625ab50af88f43759589ee0c12ed75b0e18065
7a6P4Sd7,/posts/broadcasts/c9625ab50af88f43759589ee0c12ed75b0e18065
QqdTA5wL,/posts/broadcasts/914807fb525a200ddc320500d93e31a644879929
M6Q85862,/posts/broadcasts/914807fb525a200ddc320500d93e31a644879929
kLvVZYKJ,/posts/broadcasts/62c4e4737b8b615a2ec905dbd1193b5d5226dfc4
cXGAG5UD,/posts/broadcasts/62c4e4737b8b615a2ec905dbd1193b5d5226dfc4
XV8GzoHX,/posts/broadcasts/93e8aa0fa71e82428d7fc756ef62f615e774883b
AeiBWXfB,/posts/broadcasts/93e8aa0fa71e82428d7fc756ef62f615e774883b
P8cjGBWg,/posts/broadcasts/feed7f51e5b203b1ea1196ad606e3418411ec952
h5Ja8AHj,/posts/broadcasts/feed7f51e5b203b1ea1196ad606e3418411ec952
SQCyKbKo,/posts/broadcasts/ba2bcfd83407f6f56b8be83225fb9eab3e414038
bPFbUG2c,/posts/broadcasts/ba2bcfd83407f6f56b8be83225fb9eab3e414038
WWEFB6bE,/posts/broadcasts/df1b8ee610982df149f6f5d6869b8b19591cb635
FMHuGxCK,/posts/broadcasts/df1b8ee610982df149f6f5d6869b8b19591cb635
QZ39kQbA,/posts/broadcasts/395703c4dd51dd2aa7d4a4b79354919bdab0f613
2hfZFucD,/posts/broadcasts/395703c4dd51dd2aa7d4a4b79354919bdab0f613
Vy72eDEa,/posts/broadcasts/d8e4a41ca81e53ebbf5dbc8a641e24e90815c556
JXRv8Jov,/posts/broadcasts/d8e4a41ca81e53ebbf5dbc8a641e24e90815c556
ivkKKhqS,/posts/broadcasts/646e6827f1ce1a2d7827259a5bda3abd01233fb3
TCU2qkco,/posts/broadcasts/646e6827f1ce1a2d7827259a5bda3abd01233fb3
QbGeg5uh,/posts/broadcasts/32bf8f05d950d3675d6fac4b7610fb85f36025da
JjvTnDoB,/posts/broadcasts/32bf8f05d950d3675d6fac4b7610fb85f36025da
jZQbNNth,/posts/broadcasts/058992d56c832e0651c84ab45afe0e59d160a035
CDmqQG96,/posts/broadcasts/058992d56c832e0651c84ab45afe0e59d160a035
RZhFkdo5,/posts/broadcasts/faf4ba00a8430a0a581811bd3dabf0bb56710664
nJyKBV6j,/posts/broadcasts/faf4ba00a8430a0a581811bd3dabf0bb56710664
oJGDrdMr,/posts/broadcasts/d14e87c3f2cb11b4231fed24b864fc269fcca360
Yct6oWgq,/posts/broadcasts/d14e87c3f2cb11b4231fed24b864fc269fcca360
KGr5FAaY,/posts/broadcasts/f8f9e446560e0163ed33ae820b6b674e34b888ab
K8GqUj3w,/posts/broadcasts/f8f9e446560e0163ed33ae820b6b674e34b888ab
ZnakHbAZ,/posts/broadcasts/3f2603949ae9aba0ed2facca19ad5587e4c4b445
LbrYDTAn,/posts/broadcasts/3f2603949ae9aba0ed2facca19ad5587e4c4b445
26PinTcf,/posts/broadcasts/2cafac6c13f484e4ba3e517d62a1dd77bf55b773
kSt9UyF2,/posts/broadcasts/2cafac6c13f484e4ba3e517d62a1dd77bf55b773
5FEcox53,/posts/broadcasts/a7abb308fab7d18d445f256d5fdf915b9ce315c0
AyGJkAhg,/posts/broadcasts/a7abb308fab7d18d445f256d5fdf915b9ce315c0
nrvR9SX2,/posts/broadcasts/9635d1d1cdb49368f16fd512da4e12660de36586
gztdk52D,/posts/broadcasts/9635d1d1cdb49368f16fd512da4e12660de36586
3xUeuQmd,/posts/broadcasts/b395d0fe665608579dc6787783c8335faa9228c6
Kqszidwm,/posts/broadcasts/b395d0fe665608579dc6787783c8335faa9228c6
BRVrML9a,/posts/broadcasts/f5b2a2e965d5313c83ff519a039db6242f549624
EXcwz42m,/posts/broadcasts/f5b2a2e965d5313c83ff519a039db6242f549624
JpBDPFfi,/posts/broadcasts/1279d6247f2e29e203ed9cf86c5a9c14c62fc431
X6FQqjpz,/posts/broadcasts/1279d6247f2e29e203ed9cf86c5a9c14c62fc431
97rNQWfT,/posts/broadcasts/1be45cd35625bb348b71ec49427d54d246bbce6c
FhDWy2kV,/posts/broadcasts/1be45cd35625bb348b71ec49427d54d246bbce6c
XCs7Encw,/posts/broadcasts/656203544733fdc96a770591c7a0b2d4eacf311b
JjGJVski,/posts/broadcasts/656203544733fdc96a770591c7a0b2d4eacf311b
eidBVnPK,/posts/broadcasts/19b81ad0b77e572cca48c06580a6118f1166764d
9BNLPQDa,/posts/broadcasts/19b81ad0b77e572cca48c06580a6118f1166764d
N2pKbX8J,/posts/broadcasts/2d0babacf9e44dee68827f5c4674a75f76130168
YmyfaQLY,/posts/broadcasts/2d0babacf9e44dee68827f5c4674a75f76130168
ZxBxwpvp,/posts/broadcasts/14665724192ccd07662e408a1b364029e37e0b77
kD4unKiV,/posts/broadcasts/14665724192ccd07662e408a1b364029e37e0b77
gYgY7K2b,/posts/broadcasts/2b7ababeb7dd7b4eb4d983a98e3052a836c0fe0f
YQ2Lx7fp,/posts/broadcasts/2b7ababeb7dd7b4eb4d983a98e3052a836c0fe0f
MHnrwP7b,/posts/broadcasts/61e97733e3172adb426c7b797002f48a624d392b
jTYmr4nJ,/posts/broadcasts/61e97733e3172adb426c7b797002f48a624d392b
63iBvmja,/posts/broadcasts/cd9dfeb07c478aa91c4125bad7d766e90eb8a2db
Dhq6MpuZ,/posts/broadcasts/cd9dfeb07c478aa91c4125bad7d766e90eb8a2db
3BNf2AyJ,/posts/broadcasts/109c5bf02d8772e1b95773bb0555bb3b49bec804
Dg2eDHfA,/posts/broadcasts/109c5bf02d8772e1b95773bb0555bb3b49bec804
WwrHyMXh,/posts/broadcasts/32e17f7ea87a80cf3c7218da06bc3b7af169455c
8Nsudnqy,/posts/broadcasts/32e17f7ea87a80cf3c7218da06bc3b7af169455c
KUqKqfx4,/posts/broadcasts/ae1978f846e63988edef834bdc2d721698eff29b
fH523Ugr,/posts/broadcasts/ae1978f846e63988edef834bdc2d721698eff29b
Bhdpq6DR,/posts/broadcasts/bb4de198a2603926dbf0ea2f7b993e77e533f6e6
hqm3dfXy,/posts/broadcasts/bb4de198a2603926dbf0ea2f7b993e77e533f6e6
iCBUJGYF,/posts/broadcasts/3740a3f85ce954fa7eecd6e10df46ac7d831c4d9
WhJdJDHj,/posts/broadcasts/3740a3f85ce954fa7eecd6e10df46ac7d831c4d9
kgM24FPT,/posts/broadcasts/1138ad901a481a90749a92980ca476763d793dd2
K5axUxJJ,/posts/broadcasts/1138ad901a481a90749a92980ca476763d793dd2
JZZ2jgxQ,/posts/broadcasts/8e599d2279d01e43499742430a3cce4bca3512f4
YeS2HURx,/posts/broadcasts/8e599d2279d01e43499742430a3cce4bca3512f4
CNCMuyyd,/posts/broadcasts/2991a99c50c3b30ffcbd6d13aebe2bd356d532b6
L5Xaadop,/posts/broadcasts/2991a99c50c3b30ffcbd6d13aebe2bd356d532b6
YLX6d2sa,/posts/broadcasts/ed28a5b5b1569bb2f5677bbeb7b0ae3e9a28eb7b
WZRTtrmq,/posts/broadcasts/ed28a5b5b1569bb2f5677bbeb7b0ae3e9a28eb7b
gSrneCR4,/posts/broadcasts/330803c8a613b130785736da7d46b0d0e7342a21
b7s5EmQq,/posts/broadcasts/330803c8a613b130785736da7d46b0d0e7342a21
n3d4yAbK,/posts/broadcasts/8048a4a389196355448d1f268c6d2b8ca00abf49
kxWauRPH,/posts/broadcasts/8048a4a389196355448d1f268c6d2b8ca00abf49
euNySMZL,/posts/broadcasts/a825aeee5fe5408b89af174f2d950a0a74d7c835
hiFfcZQF,/posts/broadcasts/a825aeee5fe5408b89af174f2d950a0a74d7c835
PushGCoM,/posts/broadcasts/6daec9a1d1d0bf8739a475338fb6fdae2a7e452f
kNqxrayo,/posts/broadcasts/6daec9a1d1d0bf8739a475338fb6fdae2a7e452f
B5zXYceK,/posts/broadcasts/3b1deef748883be5b841173304e55f15429deb67
eqZXaAYt,/posts/broadcasts/3b1deef748883be5b841173304e55f15429deb67
BWpc6A2C,/posts/broadcasts/2767bbf87d5f46476f301d3d56609e664949a429
mi9oLajM,/posts/broadcasts/2767bbf87d5f46476f301d3d56609e664949a429
XXeh6K8C,/posts/broadcasts/697da89ccf34e918e6760abe9014264db1fe3c9b
kEzDzQvr,/posts/broadcasts/697da89ccf34e918e6760abe9014264db1fe3c9b
ZWEyHbkL,/posts/broadcasts/15dbdb5f46d420488bf8c2f13f1bf5ba1d96781a
8yFTdvt8,/posts/broadcasts/15dbdb5f46d420488bf8c2f13f1bf5ba1d96781a
oJMjb8Hd,/posts/broadcasts/86a591e9486183d71fe67ed0f573e3149c3096e0
TzA5Z2qq,/posts/broadcasts/86a591e9486183d71fe67ed0f573e3149c3096e0
kaa5kuRV,/posts/broadcasts/4211a43b42f25b563d316224b17ebf217480e8e5
Q784Q2wA,/posts/broadcasts/4211a43b42f25b563d316224b17ebf217480e8e5
8YLUF2As,/posts/broadcasts/12bc9ef5fa574bf14e51ee88183dc9b1eb5849d0
i2BvBKEF,/posts/broadcasts/12bc9ef5fa574bf14e51ee88183dc9b1eb5849d0
eppwiGsk,/posts/broadcasts/dcce105809f02efee5a000934117b979b1d3c051
LcoH8oQi,/posts/broadcasts/dcce105809f02efee5a000934117b979b1d3c051
aVaEr4Te,/posts/broadcasts/ed8f1f646616ddd716fada29890baee570a073b9
TWMFCDxb,/posts/broadcasts/ed8f1f646616ddd716fada29890baee570a073b9
HJVad7vF,/posts/broadcasts/aba1295fed5f14f64eb2b6ffc1d184b4b55e4b39
QSGULdRn,/posts/broadcasts/aba1295fed5f14f64eb2b6ffc1d184b4b55e4b39
2DXDVF2m,/posts/broadcasts/08fea506405653cc1d69b651f424e5c035f6dec9
euQ5yw8F,/posts/broadcasts/08fea506405653cc1d69b651f424e5c035f6dec9
DYSMbmmi,/posts/broadcasts/daa43f77e810e5f8096f908838f619d824b72409
GF6agyJr,/posts/broadcasts/daa43f77e810e5f8096f908838f619d824b72409
NfzWsYb2,/posts/broadcasts/09d26f2a725c5d2448ee538da97c349f59cdc911
VJaWpY9i,/posts/broadcasts/09d26f2a725c5d2448ee538da97c349f59cdc911
42stpCYj,/posts/broadcasts/e35241bfbfc7d660cf167c4913a59f46235ca689
aPFJ8trQ,/posts/broadcasts/e35241bfbfc7d660cf167c4913a59f46235ca689
XKwePgsp,/posts/broadcasts/f2e6bd090b39586abe3d508cfc8064141ee6c417
ZJkmMs9v,/posts/broadcasts/f2e6bd090b39586abe3d508cfc8064141ee6c417
bpW9vMih,/posts/broadcasts/50ef6e235f77f68cdb6e9110bde95ca864a7ecb6
N4N76Jd6,/posts/broadcasts/50ef6e235f77f68cdb6e9110bde95ca864a7ecb6
FNyocTra,/posts/broadcasts/84ff0bb6fac3ffc316bf2e431ec481b2a75915ba
2M2DseSY,/posts/broadcasts/84ff0bb6fac3ffc316bf2e431ec481b2a75915ba
T38DgQcp,/posts/broadcasts/7e33c2abe986af5ad8aea2cfdae80a56deb1bddc
XNXBeVKF,/posts/broadcasts/7e33c2abe986af5ad8aea2cfdae80a56deb1bddc
9ZfjjSc3,/posts/broadcasts/2f47f60843717d6ebdf43f080e4b053b22845287
iNZ8njxc,/posts/broadcasts/2f47f60843717d6ebdf43f080e4b053b22845287
FKzrSGnJ,/posts/broadcasts/f021c2a80ce6b9e3186b6516bb69ff3b4f387b59
Rrgcggt6,/posts/broadcasts/f021c2a80ce6b9e3186b6516bb69ff3b4f387b59
2hzTvRyr,/posts/broadcasts/fd747483c3f8e2e4883477ad6f6596ff3998afc0
UREf3b6U,/posts/broadcasts/fd747483c3f8e2e4883477ad6f6596ff3998afc0
5Mm6qJXD,/posts/broadcasts/686d844c44ff3c95a816e3cca27efea1ac86a9ef
oK5GpvsF,/posts/broadcasts/686d844c44ff3c95a816e3cca27efea1ac86a9ef
VfbHftD7,/posts/broadcasts/4801f3b1d96892e6d3cf1b95c6cdc6e57509119f
EA9rEWBg,/posts/broadcasts/4801f3b1d96892e6d3cf1b95c6cdc6e57509119f
nFnYCHiZ,/posts/broadcasts/465d4b7a6a5f6c1d45c7bafafa3bec934ce3f9c2
6neYaV7x,/posts/broadcasts/465d4b7a6a5f6c1d45c7bafafa3bec934ce3f9c2
nivpfYzn,/posts/broadcasts/7f9efb16d83f008e433bb80865bb61061972b084
ZSFQP2B8,/posts/broadcasts/7f9efb16d83f008e433bb80865bb61061972b084
dGrmeoit,/posts/broadcasts/9b2e621f31ce89f095cb548811ebb51a98d00633
YbK9owCD,/posts/broadcasts/9b2e621f31ce89f095cb548811ebb51a98d00633
WUbnwopC,/posts/broadcasts/d4f916465681d4714eef584d442221000ccb25b4
7mbKPdWs,/posts/broadcasts/d4f916465681d4714eef584d442221000ccb25b4
A2zZYnYQ,/posts/broadcasts/4224fa58d9f106405cfc6d1434874a43d29a8f44
AKiYpq8i,/posts/broadcasts/4224fa58d9f106405cfc6d1434874a43d29a8f44
NdTYkUwH,/posts/broadcasts/4b110960f81e5919e536e16215e66d13d943205b
69YDqUUc,/posts/broadcasts/4b110960f81e5919e536e16215e66d13d943205b
HZJ48a4P,/posts/broadcasts/ef3bb70e032d3afc2301a2a7c723ca96e167bd6d
DvjkySBM,/posts/broadcasts/ef3bb70e032d3afc2301a2a7c723ca96e167bd6d
UPnyMoVd,/posts/broadcasts/1d132995ddf0b40c395bd97f3eb7c19e2f986f35
LdrPpfrr,/posts/broadcasts/1d132995ddf0b40c395bd97f3eb7c19e2f986f35
C6czdrNY,/posts/broadcasts/1d90315fd5f89afbefc592ba1c464f903e1e264c
oEAR247P,/posts/broadcasts/1d90315fd5f89afbefc592ba1c464f903e1e264c
hF7XHBKG,/posts/broadcasts/0b456d7839f538fa156cd82feb239165980ce812
65fhMtiA,/posts/broadcasts/0b456d7839f538fa156cd82feb239165980ce812
dikUAAf9,/posts/broadcasts/d8e28b34aea903d754ac4a2024113c8fbce4f9e6
nJpseQvw,/posts/broadcasts/d8e28b34aea903d754ac4a2024113c8fbce4f9e6
B9Vkt5pT,/posts/broadcasts/07909998b3250608cd6c022bb3111d47bc86aff3
KxSeFCjd,/posts/broadcasts/07909998b3250608cd6c022bb3111d47bc86aff3
DAfavaJe,/posts/broadcasts/0d93ff20e97b12e460d0049c1b12677fb9b27aca
GMqC3Qzu,/posts/broadcasts/0d93ff20e97b12e460d0049c1b12677fb9b27aca
D3ScLe5R,/posts/broadcasts/0d5948bd1095c09810b8f887533287cb5f92c498
W6EHZjZz,/posts/broadcasts/0d5948bd1095c09810b8f887533287cb5f92c498
DRcrmWMv,/posts/broadcasts/93592d66bc9971fb7a2a066ac7f183ed6986919e
TVDvdg9J,/posts/broadcasts/93592d66bc9971fb7a2a066ac7f183ed6986919e
9W2ugp7W,/posts/broadcasts/80ec2910c8e914e0ae423037eaf9cc712ce95589
ZoCVX9X4,/posts/broadcasts/80ec2910c8e914e0ae423037eaf9cc712ce95589
igwdu5R8,/posts/broadcasts/2feab588998303758726faf6249a137b8e739698
cvRvaXXE,/posts/broadcasts/2feab588998303758726faf6249a137b8e739698
UoyPwN9o,/posts/broadcasts/b8c588dd9a5334b6d21684454bca167cb88486dd
ihSoGVnS,/posts/broadcasts/b8c588dd9a5334b6d21684454bca167cb88486dd
eXRcJ2wn,/posts/broadcasts/eafd51c4a417597b294548a3ed7abc1913374bcc
hLuJs46W,/posts/broadcasts/eafd51c4a417597b294548a3ed7abc1913374bcc
ZwN9mCAc,/posts/broadcasts/bc207395886cdef289a6382cb8c265e88550b3f0
YCrhgcrr,/posts/broadcasts/bc207395886cdef289a6382cb8c265e88550b3f0
VFMZ8Awr,/posts/broadcasts/5d8065cb5f02becaa724a78a2f9d659d7bf0efb1
UsrJjUzb,/posts/broadcasts/5d8065cb5f02becaa724a78a2f9d659d7bf0efb1
5JdBCdVM,/posts/broadcasts/7e3b112d559579fccfc115f6dbd9ec5d9cdbd023
WbBRz7FP,/posts/broadcasts/7e3b112d559579fccfc115f6dbd9ec5d9cdbd023
D2f5vYmv,/posts/broadcasts/44224a67682d77afe536f29935d198019047cd1d
WtomoKfx,/posts/broadcasts/44224a67682d77afe536f29935d198019047cd1d
ZzxQEjHa,/posts/broadcasts/54195fba22841b255933db426933ce648b948f26
jT9UqTnf,/posts/broadcasts/54195fba22841b255933db426933ce648b948f26
kjd29a8H,/posts/broadcasts/ea6cd345c103397d7409fc2947dbadec51c03d63
ZG8Ecc7T,/posts/broadcasts/ea6cd345c103397d7409fc2947dbadec51c03d63
SPv69ZHs,/posts/broadcasts/a97f086a20028cfb544700c8b5b78010b060c19a
WX5fA3m8,/posts/broadcasts/a97f086a20028cfb544700c8b5b78010b060c19a
SFuRR58k,/posts/broadcasts/15b5d924c41d5a726a43b1efc5f281127630896a
b7djtAqG,/posts/broadcasts/15b5d924c41d5a726a43b1efc5f281127630896a
W8nMahZr,/posts/broadcasts/02db4a54e7774e3ae72e62803dd12ad2f36131ba
aGXjwvxK,/posts/broadcasts/02db4a54e7774e3ae72e62803dd12ad2f36131ba
MNVWHHUb,/posts/broadcasts/2581ac098fdb97d7faa40280ba942276c616d4cf
fgZAJ99r,/posts/broadcasts/2581ac098fdb97d7faa40280ba942276c616d4cf
7qrBfapd,/posts/broadcasts/5417c447e60f719fb8970460b7c1638fdb391af1
6iG4P33h,/posts/broadcasts/5417c447e60f719fb8970460b7c1638fdb391af1
P25eDmgU,/posts/broadcasts/932e5e2745ab0c3fc2f2fdde7c1cff623f539230
kAxW3FSS,/posts/broadcasts/932e5e2745ab0c3fc2f2fdde7c1cff623f539230
6pPKgjXY,/posts/broadcasts/e5290ef168d70d61527f02e5143c5114fac802c1
VMSrUMp5,/posts/broadcasts/e5290ef168d70d61527f02e5143c5114fac802c1
DFLg3W99,/posts/broadcasts/ebe984d48b5e17f16dcdede94fb0c57caa12a1eb
DgAsTnxA,/posts/broadcasts/ebe984d48b5e17f16dcdede94fb0c57caa12a1eb
oNNvrHGj,/posts/broadcasts/7ff6ed64ebfcafa98235c8d696b1d7d41850ceb7
BuZJZ5zm,/posts/broadcasts/7ff6ed64ebfcafa98235c8d696b1d7d41850ceb7
aa6v3P5R,/posts/broadcasts/4813337d94067395307bcb82870b00d352cd86f2
U5RuhK7m,/posts/broadcasts/4813337d94067395307bcb82870b00d352cd86f2
fjmG9pEU,/posts/broadcasts/f5ed7cfd4b09673edc47926272500a095b2240a9
AFW8sQiq,/posts/broadcasts/f5ed7cfd4b09673edc47926272500a095b2240a9
75eFpNjz,/posts/broadcasts/5d48bf4944220207ae1ca332e46218e26c540838
4ZdvSJVc,/posts/broadcasts/5d48bf4944220207ae1ca332e46218e26c540838
59F2AAJs,/posts/broadcasts/701de995279253ebc83cb151b9783b8545193b66
e9k5tFYV,/posts/broadcasts/701de995279253ebc83cb151b9783b8545193b66
LQfSWHDR,/posts/broadcasts/7e8b7c4a7a06eebe8a00ef4c226d9b1241480869
AfeGU9qY,/posts/broadcasts/7e8b7c4a7a06eebe8a00ef4c226d9b1241480869
azhKWYb5,/posts/broadcasts/ab579993cde07fc252ab71a6e0d521439a9da379
4qpQ3nNX,/posts/broadcasts/ab579993cde07fc252ab71a6e0d521439a9da379
jNassEVN,/posts/broadcasts/049d11d7f513965f225bb79d2ee967db7ec41e0f
atz9GmG5,/posts/broadcasts/049d11d7f513965f225bb79d2ee967db7ec41e0f
2tr276Bp,/posts/broadcasts/6ea705658f8d42d3af86459647d2858889bdcefd
RiyZKH4d,/posts/broadcasts/6ea705658f8d42d3af86459647d2858889bdcefd
PghKxxyB,/posts/broadcasts/20358fc3c682f75ffff6980b6a3e82e278891204
cBNyFggV,/posts/broadcasts/20358fc3c682f75ffff6980b6a3e82e278891204
4LNYETD5,/posts/broadcasts/2f46dd51d9ffac28c4189f6bd28da23db14cac3d
4oBhH4Xu,/posts/broadcasts/2f46dd51d9ffac28c4189f6bd28da23db14cac3d
a9bBdcCH,/posts/broadcasts/b3bc01ce8adaeeffa5737639c841153e5f85cabe
6KrVLj3x,/posts/broadcasts/b3bc01ce8adaeeffa5737639c841153e5f85cabe
JnefMJTx,/posts/broadcasts/3243881f16d65ec619cc9ac95c4cc995c0114c2b
kampXhuJ,/posts/broadcasts/3243881f16d65ec619cc9ac95c4cc995c0114c2b
cb6EqrUx,/posts/broadcasts/0312b23e1745508d8dac07eaedb830d0124a2240
2BjijDyn,/posts/broadcasts/0312b23e1745508d8dac07eaedb830d0124a2240
X8waf69D,/posts/broadcasts/407a2ccafd6808e5308b2e7c9e11f925443e27b3
F8aiqNot,/posts/broadcasts/407a2ccafd6808e5308b2e7c9e11f925443e27b3
TSMd6EZR,/posts/broadcasts/2f05484f80e009396c15e06edd300011c313444d
Jc3XBzDo,/posts/broadcasts/2f05484f80e009396c15e06edd300011c313444d
fUnvWoDg,/posts/broadcasts/f70f0964b49c51e57ddf81d08c7222556429aa0c
UAvM7BLV,/posts/broadcasts/f70f0964b49c51e57ddf81d08c7222556429aa0c
WgNsyEEi,/posts/broadcasts/3d70ff3e3a0ecc674a6830f6b74aaa0efaaf167e
kRu7WPe6,/posts/broadcasts/3d70ff3e3a0ecc674a6830f6b74aaa0efaaf167e
dau6Yp9p,/posts/broadcasts/58bd2284f189bfc0750cfbec242438bda6887aba
5HoeobjY,/posts/broadcasts/58bd2284f189bfc0750cfbec242438bda6887aba
mr9MtoHq,/posts/broadcasts/1e79727c5547d53e4f9fb7f103b194e58d78a83c
eKL4vXZx,/posts/broadcasts/1e79727c5547d53e4f9fb7f103b194e58d78a83c
Mq2uEg4e,/posts/broadcasts/797cabdcf945c1126f917d447ec864f04c86e0a2
W4A5Ft5t,/posts/broadcasts/797cabdcf945c1126f917d447ec864f04c86e0a2
V95y34bw,/posts/broadcasts/a9877ba8d59c2a646bb45878d4c5fcaefc96d5cf
CBbNrtva,/posts/broadcasts/a9877ba8d59c2a646bb45878d4c5fcaefc96d5cf
3ou7zFP3,/posts/broadcasts/605e6e500e1b0edd08e1dd4288170dfd34f7d6de
Zeoo5zvJ,/posts/broadcasts/605e6e500e1b0edd08e1dd4288170dfd34f7d6de
AhizL4Ym,/posts/broadcasts/fa81a167c7ccdb65eed82e62305ce53a420f6e2b
X7PNRRJu,/posts/broadcasts/fa81a167c7ccdb65eed82e62305ce53a420f6e2b
Z9GdZKnA,/posts/broadcasts/4225e7fd841b3e1b61563b4be930a021b35e276b
bvoH8qrG,/posts/broadcasts/4225e7fd841b3e1b61563b4be930a021b35e276b
9B38Lsnb,/posts/broadcasts/037edbff920cdf8d134b004424e816d2292f68c8
ckwEfAbj,/posts/broadcasts/037edbff920cdf8d134b004424e816d2292f68c8
izvXvWns,/posts/broadcasts/5e33feea0e4ed395d7da3c4c9423b88cde2e72e4
GYDk8fQC,/posts/broadcasts/5e33feea0e4ed395d7da3c4c9423b88cde2e72e4
Ex4dCxqQ,/posts/broadcasts/5532885d8ccbc99653569482d15df2c643ae8dd4
Uoh3Aegh,/posts/broadcasts/5532885d8ccbc99653569482d15df2c643ae8dd4
dask9HCV,/posts/broadcasts/085522d924c69c26734049698a8cfe25b27359b5
RBL9Hyn6,/posts/broadcasts/085522d924c69c26734049698a8cfe25b27359b5
jSmxRoJs,/posts/broadcasts/5c01c282d35c3c34eee11752a21fb7610f9ce9a0
iQ7vB9Do,/posts/broadcasts/5c01c282d35c3c34eee11752a21fb7610f9ce9a0
9Cg5FTg2,/posts/broadcasts/bbf4bac271634eb2899cf573d495483ae91c015a
AgTDMm7m,/posts/broadcasts/bbf4bac271634eb2899cf573d495483ae91c015a
asp7KRnn,/posts/broadcasts/8a4b86f041cef337d554e4bf7972d5e44145d799
V9B67xC8,/posts/broadcasts/8a4b86f041cef337d554e4bf7972d5e44145d799
4qLDycfp,/posts/broadcasts/96c7d9c12139b2afd77b715780dff38eede0e53e
iSkLSCGn,/posts/broadcasts/96c7d9c12139b2afd77b715780dff38eede0e53e
fTpRMS52,/posts/broadcasts/48fbace44d7391dde0d42f6d54e5af7da0c7aff0
7WUiRGCP,/posts/broadcasts/48fbace44d7391dde0d42f6d54e5af7da0c7aff0
KgT5Hu5r,/posts/broadcasts/5558ae4ba55f490688bf8e8f9757d9194e246eaf
6DXsbdLT,/posts/broadcasts/5558ae4ba55f490688bf8e8f9757d9194e246eaf
dXYTS5tC,/posts/broadcasts/941f6a00d98883d92d9d40dc7fcb0a10b117d4fa
39z8dhFZ,/posts/broadcasts/941f6a00d98883d92d9d40dc7fcb0a10b117d4fa
H2ACYicV,/posts/broadcasts/fe1ef888064ad44e2d9ff73e8cd4379569f86406
N4A3YuqX,/posts/broadcasts/fe1ef888064ad44e2d9ff73e8cd4379569f86406
2siLdtQG,/posts/broadcasts/288831f3c6c40a3eb2a4a62aa0fdd89bfe0193ca
Wf7t6t4f,/posts/broadcasts/288831f3c6c40a3eb2a4a62aa0fdd89bfe0193ca
REuqYv32,/posts/broadcasts/6df3e9e582c29028b581be041315e27f8bc23a87
o9dpujNg,/posts/broadcasts/6df3e9e582c29028b581be041315e27f8bc23a87
2tSC8EM4,/posts/broadcasts/0a3f960a1a9f338730e676445a1fb631eef8738f
Y3bSbka6,/posts/broadcasts/0a3f960a1a9f338730e676445a1fb631eef8738f
DNSJrmAC,/posts/broadcasts/dabac63fa73db2afdc001260231deb6edeff0368
kxLjWB5K,/posts/broadcasts/dabac63fa73db2afdc001260231deb6edeff0368
KChG3M26,/posts/broadcasts/8c15b0f8d5806216925041c8d0fb73b05a9f2323
FzBgaY3v,/posts/broadcasts/8c15b0f8d5806216925041c8d0fb73b05a9f2323
FmQD6v84,/posts/broadcasts/2ae6787fff8548451f57238f4a262a3caf6b9783
NnwW5kPM,/posts/broadcasts/2ae6787fff8548451f57238f4a262a3caf6b9783
XaJJfstc,/posts/broadcasts/b2c163ed0c3795d0ca777228e122cf45e8a6ed19
5Zp8RTUC,/posts/broadcasts/b2c163ed0c3795d0ca777228e122cf45e8a6ed19
244tUGoc,/posts/broadcasts/eace1040b359c92a3a745e76ba3828390856cedc
AQmm9Ubn,/posts/broadcasts/eace1040b359c92a3a745e76ba3828390856cedc
CENFiKHj,/posts/broadcasts/75cf03efe4a2c0693ca8a24f75b958623771282f
dExpPuQT,/posts/broadcasts/75cf03efe4a2c0693ca8a24f75b958623771282f
3dcCemew,/posts/broadcasts/41b91a34b528dbfed51a2c4990aa5d637b96723c
ZEbM8X8i,/posts/broadcasts/41b91a34b528dbfed51a2c4990aa5d637b96723c
2qmqLPhe,/posts/broadcasts/a0007bfbbc0c019e7560e753fd1ae9d982d28c94
YZFyJyJN,/posts/broadcasts/a0007bfbbc0c019e7560e753fd1ae9d982d28c94
5hgrmXDo,/posts/broadcasts/0b347709f0376a8ab2fa9467f3bbc7203a5cfd2c
NhHesuoe,/posts/broadcasts/0b347709f0376a8ab2fa9467f3bbc7203a5cfd2c
FA8yMTtW,/posts/broadcasts/112edba2d0a8974b1116adf673a41573df36251b
3shGTuhV,/posts/broadcasts/112edba2d0a8974b1116adf673a41573df36251b
gK8xEijq,/posts/broadcasts/7e1f91bc2f93594a1368d20587fed1728d235261
HS9YePni,/posts/broadcasts/7e1f91bc2f93594a1368d20587fed1728d235261
b9aWuQfF,/posts/broadcasts/e7902cacca10d5fa4102d570cd435483fb6f0aea
d6525Ach,/posts/broadcasts/e7902cacca10d5fa4102d570cd435483fb6f0aea
cEZncKwT,/posts/broadcasts/cd95e4946ab6d938703e7bf00667fd6643b8eb34
gcGf65Sq,/posts/broadcasts/cd95e4946ab6d938703e7bf00667fd6643b8eb34
Ah58VeKH,/posts/broadcasts/05c4eebb09e2cd3287651a33d82124d2ed205469
joEZHmWh,/posts/broadcasts/05c4eebb09e2cd3287651a33d82124d2ed205469
biKTAGaV,/posts/broadcasts/213f31c1537487d702f23570da3709c2c092d200
A9LncW9R,/posts/broadcasts/213f31c1537487d702f23570da3709c2c092d200
oM9gA9Jp,/posts/broadcasts/40a12d80058bf5cf7b1bc1104bd66ee14202a3d4
f6iCn3qU,/posts/broadcasts/40a12d80058bf5cf7b1bc1104bd66ee14202a3d4
KyA9aGz5,/posts/broadcasts/8aecc7deb3c3adb3dc22e266b50e62c5312905aa
4g7LKa95,/posts/broadcasts/8aecc7deb3c3adb3dc22e266b50e62c5312905aa
U6WxTYWK,/posts/broadcasts/3d4159b879086753d696d614ec62c1adc9c86172
LyZmMJmQ,/posts/broadcasts/3d4159b879086753d696d614ec62c1adc9c86172
H96L797y,/posts/broadcasts/12f2c7a85922bde87dbd5c30463e1d00ed0a3d52
Dkwq9W4z,/posts/broadcasts/12f2c7a85922bde87dbd5c30463e1d00ed0a3d52
hGSryMaa,/posts/broadcasts/bea7c5c77af653206a07d8290be2f2b49a0658f7
fVXkGEqD,/posts/broadcasts/bea7c5c77af653206a07d8290be2f2b49a0658f7
TVngSDSB,/posts/broadcasts/c1ff335028158f7cb62ed827d2d1452e47a00614
j3wFxtyj,/posts/broadcasts/c1ff335028158f7cb62ed827d2d1452e47a00614
ZgZpWVsB,/posts/broadcasts/58fcdcd71384edeabf717f5b330c32051d26b046
6ufSTqkz,/posts/broadcasts/58fcdcd71384edeabf717f5b330c32051d26b046
hGPHbkr3,/posts/broadcasts/43d3bec9376328b7c3a3ce820daafa7165a243de
TMu6ifPk,/posts/broadcasts/43d3bec9376328b7c3a3ce820daafa7165a243de
fVdJyu2S,/posts/broadcasts/3a61827649a071daa4594d10a7107e4c1b2c3053
MZSzGT3Z,/posts/broadcasts/3a61827649a071daa4594d10a7107e4c1b2c3053
Y8fQMwFL,/posts/broadcasts/41c6263f95d0ad72ed59b167add5b132b4c1b82c
KXpz5LsP,/posts/broadcasts/41c6263f95d0ad72ed59b167add5b132b4c1b82c
35T2GbRA,/posts/broadcasts/fa4f0c76d97c53d0a754bf9038d5b3983f41fcfe
nZ86XiDk,/posts/broadcasts/fa4f0c76d97c53d0a754bf9038d5b3983f41fcfe
LpEwcXpr,/posts/broadcasts/27ed626ac6ccd718bba7b51f8fd3dc6daec04dd3
d2j9EgKb,/posts/broadcasts/27ed626ac6ccd718bba7b51f8fd3dc6daec04dd3
bh8yzG9q,/posts/broadcasts/2d1daacc3e133d8f6f288587fe6f97d7e7badf05
SWBokgjv,/posts/broadcasts/2d1daacc3e133d8f6f288587fe6f97d7e7badf05
9WE4DoZ2,/posts/broadcasts/ceace96b2bfbc1c5649d4a97c4491d7adeb1cfcc
XJxBLBmq,/posts/broadcasts/ceace96b2bfbc1c5649d4a97c4491d7adeb1cfcc
HKg7j6TV,/posts/broadcasts/26c28b5ad539d377b3edd997bd472ed2a64a332e
XCUTujbM,/posts/broadcasts/26c28b5ad539d377b3edd997bd472ed2a64a332e
WhcafrMx,/posts/broadcasts/0eafa5bda89f32e0fcfe1e77091d3e8f13c408e5
gGtvXWx2,/posts/broadcasts/0eafa5bda89f32e0fcfe1e77091d3e8f13c408e5
UzcEwZmL,/posts/broadcasts/0f3a000ecde1462176c3bef84ee9da68932b3654
WAWFbupi,/posts/broadcasts/0f3a000ecde1462176c3bef84ee9da68932b3654
VvQNMcV5,/posts/broadcasts/e5dc61717dc475ea46fd3f7ffae3ce85d87339e1
AEhTvBby,/posts/broadcasts/e5dc61717dc475ea46fd3f7ffae3ce85d87339e1
YDyMLhGU,/posts/broadcasts/b57dc2ff425bbe93350aea273eec4c51dfed676f
ZN2Y7ixi,/posts/broadcasts/b57dc2ff425bbe93350aea273eec4c51dfed676f
BCSS88VK,/posts/broadcasts/090185de24399f625fe95abedb9c6fd15ece4995
c6AkEXrA,/posts/broadcasts/090185de24399f625fe95abedb9c6fd15ece4995
Gb4UtGN9,/posts/broadcasts/b58875f4f4bd1c1290bbf37dcc777c670943a781
TeDWEiTY,/posts/broadcasts/b58875f4f4bd1c1290bbf37dcc777c670943a781
iNBPcMAy,/posts/broadcasts/de6f237fa83749de30cdc0ed746ad5a5399f2139
KXRj8RbQ,/posts/broadcasts/de6f237fa83749de30cdc0ed746ad5a5399f2139
gNykhHrm,/posts/broadcasts/7410b66f249a636bb885ff34aa9e46400ef8bb96
nYYCSLDZ,/posts/broadcasts/7410b66f249a636bb885ff34aa9e46400ef8bb96
neQ2xXg2,/posts/broadcasts/9556e9fee284c2f807078359d386e49ac589d4d5
jPiZSwVT,/posts/broadcasts/9556e9fee284c2f807078359d386e49ac589d4d5
Gkh8DvMF,/posts/broadcasts/10da21f9cce3d3c1b0fde2218a912c8b5e0ad4e6
L7FZJz6S,/posts/broadcasts/10da21f9cce3d3c1b0fde2218a912c8b5e0ad4e6
D4sTKkgH,/posts/broadcasts/d25af79f87bb33404eed914be1ea7953184fe2a6
iopfMHTn,/posts/broadcasts/d25af79f87bb33404eed914be1ea7953184fe2a6
NPg6V2eh,/posts/broadcasts/6ef784144f58a15770a061f44ec7036c6e2b44af
2LB4MvdG,/posts/broadcasts/6ef784144f58a15770a061f44ec7036c6e2b44af
MJTT82ur,/posts/broadcasts/dde077cb9a7b939d7332737d108c14d3765db3ee
mpbnSujM,/posts/broadcasts/dde077cb9a7b939d7332737d108c14d3765db3ee
5NBGx7pX,/posts/broadcasts/c0bcd6aad4ab313ac45e1ebc2e9d8983469a6adf
UYVtXkDN,/posts/broadcasts/c0bcd6aad4ab313ac45e1ebc2e9d8983469a6adf
BRvtybyC,/posts/broadcasts/c932374bbcd3dc9823b292a1ff3cf0601c4a67d0
Sh3Wqymo,/posts/broadcasts/c932374bbcd3dc9823b292a1ff3cf0601c4a67d0
enx38q8q,/posts/broadcasts/cdddc26474097fdbe1c35553b140c0ce3793885d
JxRfpbcZ,/posts/broadcasts/cdddc26474097fdbe1c35553b140c0ce3793885d
F2YtCQX6,/posts/broadcasts/4e411bc7b40c92de16390d8bb6c83ecc725e2b94
RCdQ8ucE,/posts/broadcasts/4e411bc7b40c92de16390d8bb6c83ecc725e2b94
G2NMcHHf,/posts/broadcasts/3da9352a755c9bd8c74b157bf3337b8b98bf736d
h6a6LwWN,/posts/broadcasts/3da9352a755c9bd8c74b157bf3337b8b98bf736d
iVYLzGWi,/posts/broadcasts/1fa4dc1533c7547fafce1a442cdd53cc7375d41d
mK9oLPGz,/posts/broadcasts/1fa4dc1533c7547fafce1a442cdd53cc7375d41d
EvQ9j7yJ,/posts/broadcasts/5ae9c3b258fcb7b04c77f39738474200bcf8c061
L2d5mf69,/posts/broadcasts/5ae9c3b258fcb7b04c77f39738474200bcf8c061
eoKGpyyZ,/posts/broadcasts/02f5aed0f5033aa79d6031ac370d4cc15b4bcd03
aYDp5MCE,/posts/broadcasts/02f5aed0f5033aa79d6031ac370d4cc15b4bcd03
Cnqodjev,/posts/broadcasts/aac532bed5dca7615f3e40c560d8d0e73d2c9773
A65TWyAq,/posts/broadcasts/aac532bed5dca7615f3e40c560d8d0e73d2c9773
T4zxnefs,/posts/broadcasts/0fe0b9e740f506b3c6470b12511bd8da9d447e47
PnHmxUyh,/posts/broadcasts/0fe0b9e740f506b3c6470b12511bd8da9d447e47
MxXKrFDr,/posts/broadcasts/717a5716645778e74538ae0aa756e69e2ed56b02
BTMWMFaQ,/posts/broadcasts/717a5716645778e74538ae0aa756e69e2ed56b02
mrRHXto9,/posts/broadcasts/825fcb565676da6d2911b0fef1a69c73aa983b36
BFWmvrzY,/posts/broadcasts/825fcb565676da6d2911b0fef1a69c73aa983b36
TGdLvdX8,/posts/broadcasts/b164981ac54fb261942235e3aaef1ae292954847
B8UCVoQ4,/posts/broadcasts/b164981ac54fb261942235e3aaef1ae292954847
TNNeneXi,/posts/broadcasts/7b9fc997f3eb5757629438e6abb7643d9bf5f6a9
ZKDicgmr,/posts/broadcasts/7b9fc997f3eb5757629438e6abb7643d9bf5f6a9
YWRaSiw4,/posts/broadcasts/10bad703563e6ab891c8ed732591ee94b9bb17c3
4miUjnWs,/posts/broadcasts/10bad703563e6ab891c8ed732591ee94b9bb17c3
3u7C2g9e,/posts/broadcasts/e9ed560f8c3215501a5a6ab4e7dc73b7766ded4a
nHkUxUP2,/posts/broadcasts/e9ed560f8c3215501a5a6ab4e7dc73b7766ded4a
5dRpb3wE,/posts/broadcasts/d76688f9a68ea9256f5721766c056cf3bb6995cb
5kSDPGuW,/posts/broadcasts/d76688f9a68ea9256f5721766c056cf3bb6995cb
o4C25YaW,/posts/broadcasts/14cd825171c441e3babcb56e505daf78baab4325
54iwacuz,/posts/broadcasts/14cd825171c441e3babcb56e505daf78baab4325
3YkPM9ie,/posts/broadcasts/0f0471d005d29fe7b99670fc9f55d652947c4732
MwsCjTPD,/posts/broadcasts/0f0471d005d29fe7b99670fc9f55d652947c4732
bmECmAJH,/posts/broadcasts/6de0297367a28aef082401de8de876b3078027b6
V3b54M5v,/posts/broadcasts/6de0297367a28aef082401de8de876b3078027b6
3xEZmWAa,/posts/broadcasts/2108f1df4baa3a98611e2f0111e4a944ad17c21d
RHg34xmK,/posts/broadcasts/2108f1df4baa3a98611e2f0111e4a944ad17c21d
D7J7KBYW,/posts/broadcasts/5121a9ca3e695edbbfd97cb5a4bb682ea6f98ca4
SQV3GmaF,/posts/broadcasts/5121a9ca3e695edbbfd97cb5a4bb682ea6f98ca4
BXyaDHRY,/posts/broadcasts/7b8dcd3bf0522486cd1f0761239e8ecc6d78b902
DJufiVsp,/posts/broadcasts/7b8dcd3bf0522486cd1f0761239e8ecc6d78b902
cSyDT5UW,/posts/broadcasts/05ec4a3ea6687e4e9719e8312d56ae0c5a2b169e
Ru27XyGW,/posts/broadcasts/05ec4a3ea6687e4e9719e8312d56ae0c5a2b169e
47zSgarr,/posts/broadcasts/49e577106728244cb5addf77f8b11cc6dc0db424
KWwsuG39,/posts/broadcasts/49e577106728244cb5addf77f8b11cc6dc0db424
bZTJ5Hu8,/posts/broadcasts/636132bee92f1ccbb4056a21541ca48165cc6ab9
SRF8R3fj,/posts/broadcasts/636132bee92f1ccbb4056a21541ca48165cc6ab9
juopxBW9,/posts/broadcasts/db4720be98b76fa5ccb6b375161c003cc6d996c8
6PYkLgAF,/posts/broadcasts/db4720be98b76fa5ccb6b375161c003cc6d996c8
LafYv8FR,/posts/broadcasts/76bc2dd067310c729ff732f5a53049a35250317d
6tMK66F9,/posts/broadcasts/76bc2dd067310c729ff732f5a53049a35250317d
PpgCMU44,/posts/broadcasts/e4fa1083642ba1bb01e02a753de605c8595af353
EaLqcYUC,/posts/broadcasts/e4fa1083642ba1bb01e02a753de605c8595af353
3DENYZYh,/posts/broadcasts/69d536f832b1d2c63c56fba29475bf9d8d908130
WubxHYqH,/posts/broadcasts/69d536f832b1d2c63c56fba29475bf9d8d908130
kEnmbuqc,/posts/broadcasts/80e1b611a250fd9db8a2aa334a50de7b10b2de22
2JLrmVEk,/posts/broadcasts/80e1b611a250fd9db8a2aa334a50de7b10b2de22
hFUgJgAq,/posts/broadcasts/0b5d39bef3fa2692aaf8f4d66d9f9b4d645b89c5
G46uhFU7,/posts/broadcasts/0b5d39bef3fa2692aaf8f4d66d9f9b4d645b89c5
T4jcdA75,/posts/broadcasts/d86706e4a4747c4d079751f7cdd84097abe50736
MLFgt4U2,/posts/broadcasts/d86706e4a4747c4d079751f7cdd84097abe50736
eu5a9Fm3,/posts/broadcasts/2d751335950fc1441a5d5ac2a3c8044f4c50d8a3
NfJUNUAR,/posts/broadcasts/2d751335950fc1441a5d5ac2a3c8044f4c50d8a3
Jpe9vA78,/posts/broadcasts/642cf532d42b6850b5bd1019d58e538a0a82ce96
LJbE3kSc,/posts/broadcasts/642cf532d42b6850b5bd1019d58e538a0a82ce96
DVMjTGcM,/posts/broadcasts/f24807488acf5bf27221c2e2de9d2e7e101f38be
WSqEpDjo,/posts/broadcasts/f24807488acf5bf27221c2e2de9d2e7e101f38be
nHP8dZjT,/posts/broadcasts/9a7ca8e0b3aaa7fe33b2e8a304d39cfc432157ce
BjddtkLC,/posts/broadcasts/9a7ca8e0b3aaa7fe33b2e8a304d39cfc432157ce
2SQGBtdJ,/posts/broadcasts/ba93ce3bb6a9d1db8916ee31ef9874ece16fcc79
gfv5Guna,/posts/broadcasts/ba93ce3bb6a9d1db8916ee31ef9874ece16fcc79
cYcDjhob,/posts/broadcasts/4eb93655aa4a54c20895af26327ace7cee218927
UemNkrJ7,/posts/broadcasts/4eb93655aa4a54c20895af26327ace7cee218927
98XSgTgZ,/posts/broadcasts/c58bde0190b138627031c481747f23adb0a838a6
norKmmjy,/posts/broadcasts/c58bde0190b138627031c481747f23adb0a838a6
WMCw7j93,/posts/broadcasts/ecb9b204e505dbca157efb67db4438ad32b537aa
kPAB5xTm,/posts/broadcasts/ecb9b204e505dbca157efb67db4438ad32b537aa
Zf7C9Tke,/posts/broadcasts/86b43eb981090c0af8f5d7f6b0c457803e7b9adb
bm7PhK2J,/posts/broadcasts/86b43eb981090c0af8f5d7f6b0c457803e7b9adb
WZi2eVeR,/posts/broadcasts/66ee02ba7dc2720837093bbe4bbfaa5fe299c08f
FFUG7iKe,/posts/broadcasts/66ee02ba7dc2720837093bbe4bbfaa5fe299c08f
mJwKzMhf,/posts/broadcasts/9dce211110c53841d42fb87a114d2070ee03494c
hqGWpaSV,/posts/broadcasts/9dce211110c53841d42fb87a114d2070ee03494c
F9c6jCyr,/posts/broadcasts/7ad9bb8f87591620bc726199575259c12c1cc27e
8yi8Rc7N,/posts/broadcasts/7ad9bb8f87591620bc726199575259c12c1cc27e
5zyyBKnW,/posts/broadcasts/76cd70b817adc2c34aa3cb3813d4967b0ecf3570
AoZKDm6e,/posts/broadcasts/76cd70b817adc2c34aa3cb3813d4967b0ecf3570
cqG3vKV6,/posts/broadcasts/9f85134b25850ed97b3814a8e6b279c9eec0e22c
Sg2CBUXp,/posts/broadcasts/9f85134b25850ed97b3814a8e6b279c9eec0e22c
Rb9rCHpt,/posts/broadcasts/1c238dad094ce1c8b21f51ce51d7671addff70d6
H42kz5b7,/posts/broadcasts/1c238dad094ce1c8b21f51ce51d7671addff70d6
dfjgsDVj,/posts/broadcasts/be9fa1ce0f1c2a7de9e8f46fc4a7d2a991f13667
WsbJ36Fj,/posts/broadcasts/be9fa1ce0f1c2a7de9e8f46fc4a7d2a991f13667
XLhWZzZX,/posts/broadcasts/c2967bccd06570236bf5b9fe7307b00114ea0ecf
C9hJvQcE,/posts/broadcasts/c2967bccd06570236bf5b9fe7307b00114ea0ecf
MPbwo8Mp,/posts/broadcasts/2537627600a372810a8948d44278126c1c8be89e
gmSzs9Ka,/posts/broadcasts/2537627600a372810a8948d44278126c1c8be89e
8feLnnfc,/posts/broadcasts/55b825062f4f9eacedf4f6cba6c1d45f45a3d6a2
2mCR8XAv,/posts/broadcasts/55b825062f4f9eacedf4f6cba6c1d45f45a3d6a2
DJD6JFxo,/posts/broadcasts/feebddfce5df1353d2148c2e88b2f9e77aa33170
VR8fauM9,/posts/broadcasts/feebddfce5df1353d2148c2e88b2f9e77aa33170
mTFQ8yPF,/posts/broadcasts/97ebe3ff765dab426351f2b920f9e57ee9e0b63c
o5p4YdR5,/posts/broadcasts/97ebe3ff765dab426351f2b920f9e57ee9e0b63c
8WfxGpoq,/posts/broadcasts/69e2a43bdc0f901b0fd11dfc1496741031cafcc3
SSbKudEQ,/posts/broadcasts/69e2a43bdc0f901b0fd11dfc1496741031cafcc3
j9qGJnME,/posts/broadcasts/09991771813388e4d8aecb5dbaffb38b47a74ac2
oJP2wZsZ,/posts/broadcasts/09991771813388e4d8aecb5dbaffb38b47a74ac2
Vh8DbXht,/posts/broadcasts/7bb21b7d3c36233c5f7b1549624e92177396105c
X8Yigk82,/posts/broadcasts/7bb21b7d3c36233c5f7b1549624e92177396105c
i3uKanGv,/posts/broadcasts/93271fc1e9478f96fd9268815ece1327f78b60e3
UmC2bRYD,/posts/broadcasts/93271fc1e9478f96fd9268815ece1327f78b60e3
Dzrvf3vA,/posts/broadcasts/5b0612e881e8876826a7d1c38a9d9065f669db33
f9CipNPd,/posts/broadcasts/5b0612e881e8876826a7d1c38a9d9065f669db33
ma9QXDjW,/posts/broadcasts/920486dd6dc4fb8eb785ae18709cfefb005e6af8
e8tbJeK2,/posts/broadcasts/920486dd6dc4fb8eb785ae18709cfefb005e6af8
k3e9sCuF,/posts/broadcasts/62f86904fceeda41d6b6ba417ae22e019d4b4248
juMaDEEm,/posts/broadcasts/62f86904fceeda41d6b6ba417ae22e019d4b4248
RTnBmHAQ,/posts/broadcasts/0378a4e74cdd25937ec9e7a4230c4e0589854a0a
7VsMc5M7,/posts/broadcasts/0378a4e74cdd25937ec9e7a4230c4e0589854a0a
J5VyFtAR,/posts/broadcasts/904124ccbb7fbf3dbb6d3c19e7fb85bebc4f5f45
NBEQAsnR,/posts/broadcasts/904124ccbb7fbf3dbb6d3c19e7fb85bebc4f5f45
BpybXTN9,/posts/broadcasts/ceb10fcac2df078cd61bcc9f797f01ace2a58c6b
36Mdv99z,/posts/broadcasts/ceb10fcac2df078cd61bcc9f797f01ace2a58c6b
eW6u94sK,/posts/broadcasts/ffcbb4f1d5e20acb2cdd4736fb3572234c7a5a1f
BNAWAAXf,/posts/broadcasts/ffcbb4f1d5e20acb2cdd4736fb3572234c7a5a1f
ETH8fpeJ,/posts/broadcasts/6cf39555c695a367b51bf7183603369a9f83f0bc
2DLEdN7o,/posts/broadcasts/6cf39555c695a367b51bf7183603369a9f83f0bc
jCsXXLEC,/posts/broadcasts/457d403016cf59460604714e7b8f6e4b2d62964c
esPAKwNS,/posts/broadcasts/457d403016cf59460604714e7b8f6e4b2d62964c
4yfpRkFb,/posts/broadcasts/f7084857631e5a4acf01f1e5d620562c11a13149
VJ5gQfzA,/posts/broadcasts/f7084857631e5a4acf01f1e5d620562c11a13149
RFKDL4RV,/posts/broadcasts/6e2f871cd67e9ba18f00f186fed46ab1ac19823c
RMi7wzRK,/posts/broadcasts/6e2f871cd67e9ba18f00f186fed46ab1ac19823c
VUQb7ux2,/posts/broadcasts/525a4770382c083c3fdccc9f17252c7323c1d5ac
3fy8rAM4,/posts/broadcasts/525a4770382c083c3fdccc9f17252c7323c1d5ac
g45zFaCT,/posts/broadcasts/97e2401f08f71958a20e6b91143d444b5a6a9be3
XLxejQZi,/posts/broadcasts/97e2401f08f71958a20e6b91143d444b5a6a9be3
mJZfKBDX,/posts/broadcasts/f257887cbbf0237492fde0950c29a713b2d0b7db
UWtJ3Z6z,/posts/broadcasts/f257887cbbf0237492fde0950c29a713b2d0b7db
AMBi2tZf,/posts/broadcasts/6cc198c408ea99a38e86b964abba85417826037a
AMwkXZpb,/posts/broadcasts/6cc198c408ea99a38e86b964abba85417826037a
ALpDZf7P,/posts/broadcasts/fb42ca74cfd4d0835dfbf093a46f5b99878d1507
AA4UP9tv,/posts/broadcasts/fb42ca74cfd4d0835dfbf093a46f5b99878d1507
VgXU7GQ5,/posts/broadcasts/043cbb366b17de09f290c4ba25315ad8d090d769
i5sQ3wWM,/posts/broadcasts/043cbb366b17de09f290c4ba25315ad8d090d769
GBEeVnmc,/posts/broadcasts/84d64013c53645ec63521ce05638e933700ad656
ccmy9heM,/posts/broadcasts/84d64013c53645ec63521ce05638e933700ad656
7LD87dZy,/posts/broadcasts/41cc8f0c80b5dbcb00d313b77af2d412f3b71c31
ANxoheUm,/posts/broadcasts/41cc8f0c80b5dbcb00d313b77af2d412f3b71c31
57DhuBPK,/posts/broadcasts/74d470ae19e836b676584e96824bef28efb46fc2
5qiQaEB7,/posts/broadcasts/74d470ae19e836b676584e96824bef28efb46fc2
CmSuD27E,/posts/broadcasts/7d851792974a9f035fb3d51f1071e9c9da68fb9b
i7As8pGV,/posts/broadcasts/7d851792974a9f035fb3d51f1071e9c9da68fb9b
WG3pPdos,/posts/broadcasts/e409bbaef56f2ffc471b6c6cbe7cd4f71dabd4f5
Zi6VdmAH,/posts/broadcasts/e409bbaef56f2ffc471b6c6cbe7cd4f71dabd4f5
hCPbrwsK,/posts/broadcasts/21ab4d302324ffe7eddd466a674c5810275a32fe
CGs6HWZZ,/posts/broadcasts/21ab4d302324ffe7eddd466a674c5810275a32fe
RFpfygL8,/posts/broadcasts/7d371097667a7b3262bfcab42f6fd30e08f0d99a
BLzP8oAN,/posts/broadcasts/7d371097667a7b3262bfcab42f6fd30e08f0d99a
3Qh7wrtf,/posts/broadcasts/7c28ebb1c8e13aa8bf13716d686b182c41c02f36
XofAQbyx,/posts/broadcasts/7c28ebb1c8e13aa8bf13716d686b182c41c02f36
UxQYpEq2,/posts/broadcasts/36d75dcaa14992a19446dc8f8e5797061f38bd59
MjPntBqy,/posts/broadcasts/36d75dcaa14992a19446dc8f8e5797061f38bd59
4TWKgh3U,/posts/broadcasts/94d534cee8f8e643fd31631d735f235afd1168d1
oC2iZWk4,/posts/broadcasts/94d534cee8f8e643fd31631d735f235afd1168d1
kaR3ZEzP,/posts/broadcasts/c9034973c7298ef402cdc74419469f66656f6b97
TxgDPgKm,/posts/broadcasts/c9034973c7298ef402cdc74419469f66656f6b97
J2bv9TqV,/posts/broadcasts/59f9010eefac5fcc9fe6016c14d072ba82fc98b9
EP5eYFcF,/posts/broadcasts/59f9010eefac5fcc9fe6016c14d072ba82fc98b9
hiPuVWxp,/posts/broadcasts/8796b5297dafba1eea7711745f995bc15e46f68d
4CnpETwt,/posts/broadcasts/8796b5297dafba1eea7711745f995bc15e46f68d
YV8EP68W,/posts/broadcasts/0056659936bb225f1c902e02de42b0ce448900cf
4TVDBYVG,/posts/broadcasts/0056659936bb225f1c902e02de42b0ce448900cf
Z8awYhc5,/posts/broadcasts/a99760eeebe79ed79f040e7e039ef59c1a320d69
VgaLSjGw,/posts/broadcasts/a99760eeebe79ed79f040e7e039ef59c1a320d69
m2WcZrjy,/posts/broadcasts/e374dc854d3a414c1443cc0e8cbe7f078e2c23ef
M4kazoAx,/posts/broadcasts/e374dc854d3a414c1443cc0e8cbe7f078e2c23ef
bHKqcDMH,/posts/broadcasts/0cd9ac4fc7f4297a9937bee5260383b7cdf1ef36
8ocoUkch,/posts/broadcasts/0cd9ac4fc7f4297a9937bee5260383b7cdf1ef36
2pWtCKAK,/posts/broadcasts/044b264e29ba2bbde35d15a96873dc1ac88c8abf
ffyzWBVY,/posts/broadcasts/044b264e29ba2bbde35d15a96873dc1ac88c8abf
TXaabfMT,/posts/broadcasts/bc27c88287736ebcd646c59336e96efa6a12e4f1
dYi8qemc,/posts/broadcasts/bc27c88287736ebcd646c59336e96efa6a12e4f1
maNHxWqq,/posts/broadcasts/a7e3614466b77975aba40eca30349c74df45fb04
8SiLTEdB,/posts/broadcasts/a7e3614466b77975aba40eca30349c74df45fb04
2v42WnEh,/posts/broadcasts/4ea814c24cf98d8f4f2cc2805c337c6aca7b8f62
776HxZXg,/posts/broadcasts/4ea814c24cf98d8f4f2cc2805c337c6aca7b8f62
K5n2QtvG,/posts/broadcasts/80a11ecf604a509f7a0988846b4cdbdfd607f446
YyD8w5nz,/posts/broadcasts/80a11ecf604a509f7a0988846b4cdbdfd607f446
XRd63vqy,/posts/broadcasts/7d56189ba75bb980b47d5370332d9e8154501bf2
Vx2vb4Up,/posts/broadcasts/7d56189ba75bb980b47d5370332d9e8154501bf2
jtwXacDt,/posts/broadcasts/ad8b1c874ab1632b838f2d0b6462d532c4cb8ba5
PrhuhD64,/posts/broadcasts/ad8b1c874ab1632b838f2d0b6462d532c4cb8ba5
bQqKox2M,/posts/broadcasts/c65d9fdc010134e4f7b9899e98ee645f7ef3704f
SdbGZttJ,/posts/broadcasts/c65d9fdc010134e4f7b9899e98ee645f7ef3704f
dASdS9EP,/posts/broadcasts/5fcf7822379fae38fbc3b389f11d79880da7fc3a
ZwULat4y,/posts/broadcasts/5fcf7822379fae38fbc3b389f11d79880da7fc3a
4E2rqzLN,/posts/broadcasts/ae6673986feef057e09d48566af5fb24bd1d9542
Ne9DUN7B,/posts/broadcasts/ae6673986feef057e09d48566af5fb24bd1d9542
aTr6BPS9,/posts/broadcasts/4094b466e8b89b7f86600b9f5c21b57f89beed20
2uwUXoAy,/posts/broadcasts/4094b466e8b89b7f86600b9f5c21b57f89beed20
LSxubbgr,/posts/broadcasts/28cf9af24738117d6bb31f87bbd586a864cf06ea
edBLn8YN,/posts/broadcasts/28cf9af24738117d6bb31f87bbd586a864cf06ea
jY8LXST6,/posts/broadcasts/612f4662defda8cd123373a6abf88447f3047ac1
BW9KgQni,/posts/broadcasts/612f4662defda8cd123373a6abf88447f3047ac1
Gu2rUjF7,/posts/broadcasts/b41dd743353e8fb42b1c5cc9331f702c07f9a65c
RZZxfwPo,/posts/broadcasts/b41dd743353e8fb42b1c5cc9331f702c07f9a65c
J6hkpPRz,/posts/broadcasts/7420d6043bdf94bc6822cc721ebfcf005b865c1a
7ostLjgW,/posts/broadcasts/7420d6043bdf94bc6822cc721ebfcf005b865c1a
NmgV7GQj,/posts/broadcasts/dfa75dea962d9d15caa36247e9ca2476ea473fa7
33e2j7pT,/posts/broadcasts/dfa75dea962d9d15caa36247e9ca2476ea473fa7
VopwLaZm,/posts/broadcasts/60fc681fa741458086ab9a19ac48c2e9b54af7b5
KkNgisfy,/posts/broadcasts/60fc681fa741458086ab9a19ac48c2e9b54af7b5
LHxmFYiB,/posts/broadcasts/4a6f2fc2ab6265a8f29e51490afc1993690df1cc
eNMovVkA,/posts/broadcasts/4a6f2fc2ab6265a8f29e51490afc1993690df1cc
fqZWXtxH,/posts/broadcasts/e09618843848d4959186e3ccfac2b33454926809
Y8D9zBEu,/posts/broadcasts/e09618843848d4959186e3ccfac2b33454926809
WzbfbLLE,/posts/broadcasts/235d53d9d3757f92c0383573c06e78a90c65f1aa
airGBFGv,/posts/broadcasts/235d53d9d3757f92c0383573c06e78a90c65f1aa
L3UXNwKu,/posts/broadcasts/fb065943c61764de3618041425cb4538020ad536
dCZTTKRs,/posts/broadcasts/fb065943c61764de3618041425cb4538020ad536
TGnFuwv7,/posts/broadcasts/8e70032d01e02631192bd37b8a9e8cece80fbbbd
QBCwwmZc,/posts/broadcasts/8e70032d01e02631192bd37b8a9e8cece80fbbbd
gFSwrh9V,/posts/broadcasts/1b91e95bf29075502ea8c58ebb5eaf916bd337bc
AdQrTcKa,/posts/broadcasts/1b91e95bf29075502ea8c58ebb5eaf916bd337bc
f263RWJS,/posts/broadcasts/004ae9556d613299eeda2e9d7d98c7a1a0d07fa4
7UDwSt3s,/posts/broadcasts/004ae9556d613299eeda2e9d7d98c7a1a0d07fa4
MMbvx5Yh,/posts/broadcasts/b6ac4512d454943d29bcade196945cab6fd5c94f
gF94ay9V,/posts/broadcasts/b6ac4512d454943d29bcade196945cab6fd5c94f
g8sE5HCc,/posts/broadcasts/3693dda0cf133253b61dd151f3e0811c44e77ac9
3A9nhPAf,/posts/broadcasts/3693dda0cf133253b61dd151f3e0811c44e77ac9
nmnJxHgB,/posts/broadcasts/563eebff3d0e0c0004d94def4424fb6943c17b91
UoSgrGEC,/posts/broadcasts/563eebff3d0e0c0004d94def4424fb6943c17b91
exAPWHv2,/posts/broadcasts/735f915920f258d7543f415d139df058ae0223a6
hcLUhvMW,/posts/broadcasts/735f915920f258d7543f415d139df058ae0223a6
kBEQUYbN,/posts/broadcasts/7ebe7781f6c5b8caf81dc495c59c78c7b6b8ce01
HJGmKRrS,/posts/broadcasts/7ebe7781f6c5b8caf81dc495c59c78c7b6b8ce01
mvLMTp6e,/posts/broadcasts/2db56124a435f12a294c78251d0d7ba5ae183a9a
5AgatHjx,/posts/broadcasts/2db56124a435f12a294c78251d0d7ba5ae183a9a
AqdRzS33,/posts/broadcasts/a77ebf5d8fe2dc146b2f6e1d9f62c468bb915f9f
eFsCcWXY,/posts/broadcasts/a77ebf5d8fe2dc146b2f6e1d9f62c468bb915f9f
BW2aend2,/posts/broadcasts/49a165f5e8c3da0ba78bbb9641729913748c1de3
JgNaRR3m,/posts/broadcasts/49a165f5e8c3da0ba78bbb9641729913748c1de3
7tXDegEc,/posts/broadcasts/098948c7c520ae8b33baa2d05a52e7b3488db4d2
QAMBEEDy,/posts/broadcasts/098948c7c520ae8b33baa2d05a52e7b3488db4d2
9BUQfPhz,/posts/broadcasts/7387e009a28f063fe7188c2b29cbf87416b05264
87GYfHUm,/posts/broadcasts/7387e009a28f063fe7188c2b29cbf87416b05264
oXYMo5xQ,/posts/broadcasts/f3beb2ef8167785251206f2ef21eeee466f3ac61
gSWWHPdh,/posts/broadcasts/f3beb2ef8167785251206f2ef21eeee466f3ac61
TNd5hFbq,/posts/broadcasts/dd1318da1b37d6d384519c3e23f14645e21184d0
aeyXM4wr,/posts/broadcasts/dd1318da1b37d6d384519c3e23f14645e21184d0
SxwRRXzk,/posts/broadcasts/658e492655bf090c720feab691eb60a47237c1cb
DxjRuHAu,/posts/broadcasts/658e492655bf090c720feab691eb60a47237c1cb
gNA7YAzF,/posts/broadcasts/f2a9afc4d777ef7dd5f0d3c8308cc5eb1025f1f0
ZGpvgv9i,/posts/broadcasts/f2a9afc4d777ef7dd5f0d3c8308cc5eb1025f1f0
9VXcf4mQ,/posts/broadcasts/df1fb3abec22ab53e0374bcd90d8af567ff148eb
Fq2YVbj9,/posts/broadcasts/df1fb3abec22ab53e0374bcd90d8af567ff148eb
jm3BuVTF,/posts/broadcasts/98210d538b22368a3d2102f731edea55e2cc5b6a
DDCQC2fT,/posts/broadcasts/98210d538b22368a3d2102f731edea55e2cc5b6a
S3SGKvaa,/posts/broadcasts/113179b85c26ab14449d13d5a560398329997f3d
WWy7kxsL,/posts/broadcasts/113179b85c26ab14449d13d5a560398329997f3d
Xh9yDRyV,/posts/broadcasts/4664b60f8724a52ab7e5461972be2bf9023f0a4b
VjZASW4C,/posts/broadcasts/4664b60f8724a52ab7e5461972be2bf9023f0a4b
QhYKCwq9,/posts/broadcasts/e89b427ed5c5d3b3eae589f2173c7d9f4b758354
nxrGgE4C,/posts/broadcasts/e89b427ed5c5d3b3eae589f2173c7d9f4b758354
PduhB7Ut,/posts/broadcasts/1c7c0061b4ea6c871773c85afbffb39dbfecda6a
jjnQGwk6,/posts/broadcasts/1c7c0061b4ea6c871773c85afbffb39dbfecda6a
XbT6sd2K,/posts/broadcasts/ec2be2091d7d1486f66388d58faf7bd622c362fb
S7NsAw5F,/posts/broadcasts/ec2be2091d7d1486f66388d58faf7bd622c362fb
oHYe6L9r,/posts/broadcasts/23727a74df8dbc7a2a18f9414e5fa1a1c2da12c7
FG5EoYah,/posts/broadcasts/23727a74df8dbc7a2a18f9414e5fa1a1c2da12c7
JfMtQ9d3,/posts/broadcasts/8c7361c58e442d199b7a9d8cbd49d594c9cc7903
mK8Ta69g,/posts/broadcasts/8c7361c58e442d199b7a9d8cbd49d594c9cc7903
SZ7c93w2,/posts/broadcasts/beee215dbe12f950aba47fb9422c19c0198a5dc4
nGuJu3cC,/posts/broadcasts/beee215dbe12f950aba47fb9422c19c0198a5dc4
4gQPtJpX,/posts/broadcasts/0f998cbbbc6a3e8d55d07230fb94726da11e41f1
Kr9mfeth,/posts/broadcasts/0f998cbbbc6a3e8d55d07230fb94726da11e41f1
DVjpWhUP,/posts/broadcasts/3cd0a5848ee1241eb4c9043bd71a5a957b052749
JBHyBetK,/posts/broadcasts/3cd0a5848ee1241eb4c9043bd71a5a957b052749
Kko7q3gg,/posts/broadcasts/0febf69956630a54c86910e3e090d5f0694c9760
NdKJ2pob,/posts/broadcasts/0febf69956630a54c86910e3e090d5f0694c9760
Fto8STfw,/posts/broadcasts/53a7830fd05c89a54ed88f43ba2b56411e8ac142
cTeuF9hb,/posts/broadcasts/53a7830fd05c89a54ed88f43ba2b56411e8ac142
Fxc77XWW,/posts/broadcasts/25c521829167b0c48e5263753dba9d4433954201
8taUVUNA,/posts/broadcasts/25c521829167b0c48e5263753dba9d4433954201
mdLqdWWq,/posts/broadcasts/71cb8a25ee8015f5839dfee2e02528d5e744ac25
VJijLS7T,/posts/broadcasts/71cb8a25ee8015f5839dfee2e02528d5e744ac25
bmAvdzd4,/posts/broadcasts/41d6654a9d76ca2f88b5c3f68973f72c5b532ce0
CawkGhcV,/posts/broadcasts/41d6654a9d76ca2f88b5c3f68973f72c5b532ce0
LztCBwyT,/posts/broadcasts/3c71d37df0b3dcb20fd9a82bc8a4c3ef2ed7c27d
Pw2Gouw3,/posts/broadcasts/3c71d37df0b3dcb20fd9a82bc8a4c3ef2ed7c27d
VXtuuD2B,/posts/broadcasts/e7a4c3777589e795a12c71a3de2697e25ed0f056
GL7TPuZo,/posts/broadcasts/e7a4c3777589e795a12c71a3de2697e25ed0f056
MkXq4sdT,/posts/broadcasts/917baac2ee4d7c1933b3073943f0785f5c3d7914
ciDhzgy2,/posts/broadcasts/917baac2ee4d7c1933b3073943f0785f5c3d7914
ZDp5tTY2,/posts/broadcasts/8de62d962aa963b42affc47ec798cb00fa2ddaff
f6mwVFtc,/posts/broadcasts/8de62d962aa963b42affc47ec798cb00fa2ddaff
YcuZ8b9x,/posts/broadcasts/311fffb01f826d8af26a036aa55e2b9e74f980e9
ScAgRaw3,/posts/broadcasts/311fffb01f826d8af26a036aa55e2b9e74f980e9
UZfnCfmP,/posts/broadcasts/a5323fb3dee813d7c7a86a7b422cd39ceea56ac3
KjrHtCvZ,/posts/broadcasts/a5323fb3dee813d7c7a86a7b422cd39ceea56ac3
Ux2bjEyg,/posts/broadcasts/81693148b47d7378cf0dda91961f97d9d49e88c4
6w9hKhdV,/posts/broadcasts/81693148b47d7378cf0dda91961f97d9d49e88c4
QXRhW4px,/posts/broadcasts/f5746083f51191fd38db7fafb7b9fefc171ee173
AcoyQUBe,/posts/broadcasts/f5746083f51191fd38db7fafb7b9fefc171ee173
Whry33AT,/posts/broadcasts/6f793b1bdf394a4059d6a1173d7c77074254ae81
JkNZYAnc,/posts/broadcasts/6f793b1bdf394a4059d6a1173d7c77074254ae81
Bt62VKg4,/posts/broadcasts/d46dcee12dd28746f678d912fd51c9f332500072
B3bXFBN7,/posts/broadcasts/d46dcee12dd28746f678d912fd51c9f332500072
nnAyDUq8,/posts/broadcasts/610a17c59d39fb299c24f4a007c9638364fe302c
hG4bsP9h,/posts/broadcasts/610a17c59d39fb299c24f4a007c9638364fe302c
cpZurcrw,/posts/broadcasts/1cf0f420e4d0d37979c91f48f172df8528e63df3
cagpa6oG,/posts/broadcasts/1cf0f420e4d0d37979c91f48f172df8528e63df3
EuypHCaM,/posts/broadcasts/5b60b0cef0cf5df54314c1abf4a01a7de5381b80
cxZ52MZg,/posts/broadcasts/5b60b0cef0cf5df54314c1abf4a01a7de5381b80
HDaM8Y6F,/posts/broadcasts/ac963a9874f7a9166d422a87aef08c76c40840e7
7BqM3Nb5,/posts/broadcasts/ac963a9874f7a9166d422a87aef08c76c40840e7
oC3zLLwn,/posts/broadcasts/a975b413297643e4dbb7111897eb7d197d0382e5
DVg2mkQu,/posts/broadcasts/a975b413297643e4dbb7111897eb7d197d0382e5
f7pExXWU,/posts/broadcasts/ed14157ac799fdd89295ecfcb836486b48fbfaba
SWU9x66f,/posts/broadcasts/ed14157ac799fdd89295ecfcb836486b48fbfaba
WAcvAA5U,/posts/broadcasts/176217d0643e899a163d6206ed294cb18bf34f88
7Wn9hWY6,/posts/broadcasts/176217d0643e899a163d6206ed294cb18bf34f88
668reyCQ,/posts/broadcasts/023bbf908088df4a82f1d78053fe74404fe77d88
TKiuXEVW,/posts/broadcasts/023bbf908088df4a82f1d78053fe74404fe77d88
fyP6zzcV,/posts/broadcasts/97fad7a5a0be33cfd5a9e3f3f855ba872aea78e3
Tvprkqtx,/posts/broadcasts/97fad7a5a0be33cfd5a9e3f3f855ba872aea78e3
FUAeyad6,/posts/broadcasts/42713bcee366343a728c3c99a55e87af961baf00
VwYHzwkJ,/posts/broadcasts/42713bcee366343a728c3c99a55e87af961baf00
cMzDoM2H,/posts/broadcasts/1dd9f53b5756c6f2f746f02811e2a9093d0fb036
2EDJzSqN,/posts/broadcasts/1dd9f53b5756c6f2f746f02811e2a9093d0fb036
TTG9ECTx,/posts/broadcasts/d1ec73b5dea12c6a493860103f7329ac9a6387eb
E5omzXK5,/posts/broadcasts/d1ec73b5dea12c6a493860103f7329ac9a6387eb
Mk75q7t8,/posts/broadcasts/555e29af85d9e52df0b3f6cc44e5d22547c9e8b3
LUjoZ5bQ,/posts/broadcasts/555e29af85d9e52df0b3f6cc44e5d22547c9e8b3
HtZNvFdH,/posts/broadcasts/5284f87b0ce14d7dfb3d4603e018b2275d5f40aa
PMg2kQ2u,/posts/broadcasts/5284f87b0ce14d7dfb3d4603e018b2275d5f40aa
HqePafde,/posts/broadcasts/a14874c4b7df660bce0c32dd187c2cdde36bfc10
f9pC73KE,/posts/broadcasts/a14874c4b7df660bce0c32dd187c2cdde36bfc10
c4Sxdxzo,/posts/broadcasts/6ce410d10db67764fadd098be70ded2731ed3dec
CzMjM42w,/posts/broadcasts/6ce410d10db67764fadd098be70ded2731ed3dec
DwymTJ2J,/posts/broadcasts/f0e014d2fb95fa3e76dbf5656ad36d9e6f03eb2b
ijrtjrse,/posts/broadcasts/f0e014d2fb95fa3e76dbf5656ad36d9e6f03eb2b
Wzs4GYpU,/posts/broadcasts/4770432e726f6fd7c94cbd9c6562b8c79fc17bf3
Km9ETiLp,/posts/broadcasts/4770432e726f6fd7c94cbd9c6562b8c79fc17bf3
MxsLTJ27,/posts/broadcasts/00927b2cbcc4e3676dca3470e48459ac90335a3c
EjiBFgEV,/posts/broadcasts/00927b2cbcc4e3676dca3470e48459ac90335a3c
nuZFVufT,/posts/broadcasts/fefafd37a2c671b9eda50f096396e6dd2ca98ba2
Lf5WP3AV,/posts/broadcasts/fefafd37a2c671b9eda50f096396e6dd2ca98ba2
V3Zto9Be,/posts/broadcasts/bc050d973be805e1d2177218b2b662911fb144ce
njCo2A76,/posts/broadcasts/bc050d973be805e1d2177218b2b662911fb144ce
DLYFzd2t,/posts/broadcasts/f8ac5ce0fb581083f1f31fd08be37a0147edf6a8
WCzs3nkL,/posts/broadcasts/f8ac5ce0fb581083f1f31fd08be37a0147edf6a8
KioBfHN5,/posts/broadcasts/63c4faf1117db9124b96b7829d5d54cdf0418a52
fVxffhGH,/posts/broadcasts/63c4faf1117db9124b96b7829d5d54cdf0418a52
6qN5oUXX,/posts/broadcasts/f32da78ff450bb2b05e41372982568083033efe3
XHD523Fp,/posts/broadcasts/f32da78ff450bb2b05e41372982568083033efe3
dMXPmuai,/posts/broadcasts/16aae77953aab895d0a1f368ead81b8d82d34a51
H7jX8SRq,/posts/broadcasts/16aae77953aab895d0a1f368ead81b8d82d34a51
VSDn8yaZ,/posts/broadcasts/bb6c3217663c751be83369312f5ed6405d83ff4f
4oCEAspJ,/posts/broadcasts/bb6c3217663c751be83369312f5ed6405d83ff4f
86px49Nc,/posts/broadcasts/bf18341d53aaf140126de6141ae4c3b93bb36074
T66MdTNm,/posts/broadcasts/bf18341d53aaf140126de6141ae4c3b93bb36074
LvmLfzJq,/posts/broadcasts/97d97e6e55c8d9ad808685cd4610b57f00a3081b
bTe49nqq,/posts/broadcasts/97d97e6e55c8d9ad808685cd4610b57f00a3081b
Nj4eZwyC,/posts/broadcasts/093ff8ee88c6adadd8f691b24c5b01342cda9e68
AXsjDtP6,/posts/broadcasts/093ff8ee88c6adadd8f691b24c5b01342cda9e68
5ttFBVbL,/posts/broadcasts/9e66c0dfce3436675b713280552f74be48a3e30e
7F6R9HiL,/posts/broadcasts/9e66c0dfce3436675b713280552f74be48a3e30e
cVooVt76,/posts/broadcasts/8be777d19de57c96f35d7bc7a8a5f70d63073b67
JQiNYPLZ,/posts/broadcasts/8be777d19de57c96f35d7bc7a8a5f70d63073b67
FRoNMyJY,/posts/broadcasts/75285d0e059a3179882c9366b6d9bcd56f53f486
kuYTVLuV,/posts/broadcasts/75285d0e059a3179882c9366b6d9bcd56f53f486
V7fBiNa7,/posts/broadcasts/d12243265909bee2c60b4c5dedda94473fafd41c
n55wnGxc,/posts/broadcasts/d12243265909bee2c60b4c5dedda94473fafd41c
cMTNvmYp,/posts/broadcasts/f13c89bfa3a08308dfed5bc06e250fe65f636845
4kTVFhZE,/posts/broadcasts/f13c89bfa3a08308dfed5bc06e250fe65f636845
eAJoZHDb,/posts/broadcasts/db15d9b8330a6484332d37c9bf81c6cd315ac712
ZMaotrqC,/posts/broadcasts/db15d9b8330a6484332d37c9bf81c6cd315ac712
8TgRQtz6,/posts/broadcasts/17a6e2465c2c0dd2bc47f0a92640d569df6c139a
KStXxWYE,/posts/broadcasts/17a6e2465c2c0dd2bc47f0a92640d569df6c139a
NUT4Za95,/posts/broadcasts/41f3ac57b67eb87ac2d59509baf5b6267b0c20be
5sKm7Ai7,/posts/broadcasts/41f3ac57b67eb87ac2d59509baf5b6267b0c20be
4navuJmQ,/posts/broadcasts/a56847760b8a56f356208c62c34c5ec3275ca449
XTkjBFyS,/posts/broadcasts/a56847760b8a56f356208c62c34c5ec3275ca449
DnSAdJsK,/posts/broadcasts/7dab725cdec644bba7c70301cb2d6b8c06a8f169
VgBaqQy4,/posts/broadcasts/7dab725cdec644bba7c70301cb2d6b8c06a8f169
fQErhDN2,/posts/broadcasts/897838e5b67d7ffcadcf779fd647b66e419aa501
HxAAxXjN,/posts/broadcasts/897838e5b67d7ffcadcf779fd647b66e419aa501
Zt7B3cVF,/posts/broadcasts/311f8810665d74dcbb2b1600890a4726cb3ac757
jB7sfjDf,/posts/broadcasts/311f8810665d74dcbb2b1600890a4726cb3ac757
3X2xe2LS,/posts/broadcasts/2bb493eba478d3b1699a83f5983844aa205f96cc
N2Cp7okr,/posts/broadcasts/2bb493eba478d3b1699a83f5983844aa205f96cc
ad6Q2tBC,/posts/broadcasts/2a748ccc5c2c01ba3d531d6900a0c3898a04468a
mUhFfE5B,/posts/broadcasts/2a748ccc5c2c01ba3d531d6900a0c3898a04468a
WYhhsXof,/posts/broadcasts/29180f4cf47c4dc490a25ad5c1db478cf9ba31c1
6ERCQtmE,/posts/broadcasts/29180f4cf47c4dc490a25ad5c1db478cf9ba31c1
95gBgtq9,/posts/broadcasts/27922eb421f4324b9ce9fac6b8292f83a97d2e90
JYxhWbks,/posts/broadcasts/27922eb421f4324b9ce9fac6b8292f83a97d2e90
iUeQkNDW,/posts/broadcasts/d98d691661308c2c76223bf25091815afe3d5aa1
7WfVcHaA,/posts/broadcasts/d98d691661308c2c76223bf25091815afe3d5aa1
aCj4coRZ,/posts/broadcasts/c38381c8121d0bc1039dce34c8305af5b1e9009e
WSh4yceG,/posts/broadcasts/c38381c8121d0bc1039dce34c8305af5b1e9009e
VBR8UMgE,/posts/broadcasts/483225c51ff9321bc27c07ef709c67ee4b47a068
Pmd8zEzn,/posts/broadcasts/483225c51ff9321bc27c07ef709c67ee4b47a068
9RDvjgUG,/posts/broadcasts/23a10c89fc142c94a424af8751dc759deb1f856d
2Q2hsHos,/posts/broadcasts/23a10c89fc142c94a424af8751dc759deb1f856d
EnShwNud,/posts/broadcasts/1492e6c07b7623c673e056429b2d8f30b088affd
LjyExnGb,/posts/broadcasts/1492e6c07b7623c673e056429b2d8f30b088affd
m9TMFGqY,/posts/broadcasts/84ba7a46879aefa95cf3f12ab5fd274a1d93c7e4
LunoeVhZ,/posts/broadcasts/84ba7a46879aefa95cf3f12ab5fd274a1d93c7e4
cmvemZiK,/posts/broadcasts/b004e043baaa7da58f643a16ca89bdfab16609c7
b35Eo5sa,/posts/broadcasts/b004e043baaa7da58f643a16ca89bdfab16609c7
nEGsevjD,/posts/broadcasts/bf2f747475086802b936db77723f5df5ecc6b333
AwkaHmHt,/posts/broadcasts/bf2f747475086802b936db77723f5df5ecc6b333
k9y542xz,/posts/broadcasts/592d5b7e449eef943323e41e778097d2a95e69d5
Bgsybo4R,/posts/broadcasts/592d5b7e449eef943323e41e778097d2a95e69d5
2srLHijj,/posts/broadcasts/df91d0b0918f7eddecc41c80080e4826a7f75301
5TSi62Mr,/posts/broadcasts/df91d0b0918f7eddecc41c80080e4826a7f75301
eQc25anV,/posts/broadcasts/6d3b4850e4b7fb8010be491e8b8e27a38120cfc0
Z7AYXQ4N,/posts/broadcasts/6d3b4850e4b7fb8010be491e8b8e27a38120cfc0
D9Kthp9b,/posts/events/42c8c9344eeabc25de84437f264a29188ca385b6
5CzACH35,/posts/events/42c8c9344eeabc25de84437f264a29188ca385b6
kSL8yf6K,/posts/events/3c813181ea4c6c54331643dc3acd05f7d2c467a0
22AzPABd,/posts/events/3c813181ea4c6c54331643dc3acd05f7d2c467a0
NCKRDxPu,/posts/events/cb0ef3b6161d12bcd2a7c23f3e4b47ea0ebe1146
8mssafm4,/posts/events/cb0ef3b6161d12bcd2a7c23f3e4b47ea0ebe1146
fxbUXjKQ,/posts/events/def6ed606bb692f069f7a45839401d4554749f73
WPHMHPWY,/posts/events/def6ed606bb692f069f7a45839401d4554749f73
LWkEW8Ab,/posts/events/99e4a3e8f8d80045633cd2df9eb58a948a82f493
jY8533cM,/posts/events/99e4a3e8f8d80045633cd2df9eb58a948a82f493
SkktgUVZ,/posts/events/b57f2c3ddc84a5c841bed21658f94cd08ca24196
6DtowNnA,/posts/events/b57f2c3ddc84a5c841bed21658f94cd08ca24196
byg4VxQS,/posts/events/55d81e2c9c750cc66316667db333ad0997005bcf
AkB77YGn,/posts/events/55d81e2c9c750cc66316667db333ad0997005bcf
aHXJukr7,/posts/events/94d752a01161c9b099ba0527a11c259d0f477d81
ULSSMLZT,/posts/events/94d752a01161c9b099ba0527a11c259d0f477d81
85coRTyG,/posts/events/f9e9f60e8b952ba5fe996931dfe320d50256ff9c
Sxece32E,/posts/events/f9e9f60e8b952ba5fe996931dfe320d50256ff9c
idVynmad,/posts/events/a718f0c00c5c2a7a5b8e1e7a85cbf1cb5189f884
7LvwA43X,/posts/events/a718f0c00c5c2a7a5b8e1e7a85cbf1cb5189f884
9xnRBGsz,/posts/events/3c686805d5fc170b49ed44c24da523cd8b9d0ae1
oHoUnWyv,/posts/events/3c686805d5fc170b49ed44c24da523cd8b9d0ae1
jxhYYh3i,/posts/events/3bfaada009b29761cc0a576f460789fd4ce0799b
D2UuTRdp,/posts/events/3bfaada009b29761cc0a576f460789fd4ce0799b
ckMs7Ns8,/posts/events/92b184b4d2d0e01cda0580a5bc18f39e62846248
mH5brCJX,/posts/events/92b184b4d2d0e01cda0580a5bc18f39e62846248
7tXh6wiv,/posts/events/68a9005d8a9c4f48da4025e7fabca8e55dc0b32e
GgYhYZ6E,/posts/events/68a9005d8a9c4f48da4025e7fabca8e55dc0b32e
46oCr7Mf,/posts/events/4e3262de1bf8a2cd893af007fc39affad291e869
F3YodwG7,/posts/events/4e3262de1bf8a2cd893af007fc39affad291e869
Rrceuzg5,/posts/events/2fefc5c9beff1a73b817aac5632e6b9593305fc0
LUdi2Wz7,/posts/events/2fefc5c9beff1a73b817aac5632e6b9593305fc0
YMJH2EbX,/posts/events/13a0e0fde54f37af767d955b1b43a76e6b946aad
HbHDFbCa,/posts/events/13a0e0fde54f37af767d955b1b43a76e6b946aad
FNkMPRSx,/posts/events/b3bccde4247534a722f9541cd06d2cf9c21e42c6
UeVfE5oZ,/posts/events/b3bccde4247534a722f9541cd06d2cf9c21e42c6
43UX3Lar,/posts/events/da32737a30a1942d5705cae2eaada1dbf4a69b5e
ZvwU62qz,/posts/events/da32737a30a1942d5705cae2eaada1dbf4a69b5e
TuDpWF4T,/posts/events/19907d50d3b77b07dc349500156730882bd6a9f8
RUvD5EzM,/posts/events/19907d50d3b77b07dc349500156730882bd6a9f8
LBarvkid,/posts/events/d8b2eb442b0727fef3a613e97982942e6184af36
6EhZeKrH,/posts/events/d8b2eb442b0727fef3a613e97982942e6184af36
VK3u5xum,/posts/events/11b9304b5cac9be4c8eca61b13177a48f07fbdaf
BQSXkPPz,/posts/events/11b9304b5cac9be4c8eca61b13177a48f07fbdaf
SEX4NqAL,/posts/events/4bf1f6ab5424fddd37f9bd218faadd529f574aa1
XrJFeeCn,/posts/events/4bf1f6ab5424fddd37f9bd218faadd529f574aa1
mzDuDUyC,/posts/events/95939cc6f9807ccec73a54653d359d5714c71596
Yp23WbKc,/posts/events/95939cc6f9807ccec73a54653d359d5714c71596
PA2WBVSS,/posts/events/667ae5483512cc2352815e20ec3fb93e448bbb59
jwVkvJvC,/posts/events/667ae5483512cc2352815e20ec3fb93e448bbb59
K8JAuWi7,/posts/events/803a706abd4fcd0014fa559678b998671562cab4
6h4yqain,/posts/events/803a706abd4fcd0014fa559678b998671562cab4
6W4j4xEK,/posts/events/597a1b4fdc6b238a7dead55352acd75df9e9f7c3
oH3DajfS,/posts/events/597a1b4fdc6b238a7dead55352acd75df9e9f7c3
2zyxHFVr,/posts/events/8842c33a036caba3c2c2371a7b4d6d4a5de9490c
gNHR2R4J,/posts/events/8842c33a036caba3c2c2371a7b4d6d4a5de9490c
NhL3qWPb,/posts/events/99b723d543b7cb2e7e26c541de500eab85d966ec
j2oKhH24,/posts/events/99b723d543b7cb2e7e26c541de500eab85d966ec
A8Qsr8Wc,/posts/events/5e8cdf93873ec80a167d29ee86cb6d1c090b399b
QnrJoCK6,/posts/events/5e8cdf93873ec80a167d29ee86cb6d1c090b399b
VmSinS5b,/posts/events/fa49935e10fde102253661e4c0d3d96836075ed3
DinUMX2x,/posts/events/fa49935e10fde102253661e4c0d3d96836075ed3
hqdpjURC,/posts/videos/51ee61c567987cacb52b6bb93910b46a2dc6c36b
4SqVKTUN,/posts/videos/51ee61c567987cacb52b6bb93910b46a2dc6c36b
SJFGpAWh,/posts/videos/130f8cf3e6929ee6623190badd49ad31c6d00d77
kdLzttm6,/posts/videos/130f8cf3e6929ee6623190badd49ad31c6d00d77
b7825pje,/posts/videos/5c3af5574e5146ba1af3f351382320aa4d5cfdb3
2CWejDx5,/posts/videos/5c3af5574e5146ba1af3f351382320aa4d5cfdb3
aMeG9oAi,/posts/videos/1bd72e056f6ee65c5eaeadf05549fa75c0dd9231
cKj9PMUr,/posts/videos/1bd72e056f6ee65c5eaeadf05549fa75c0dd9231
3d9WDLQ9,/posts/videos/8710d64860b134805e0a3ae2da48c7d343336424
m36Zdh6G,/posts/videos/8710d64860b134805e0a3ae2da48c7d343336424
VU8pVAp6,/posts/videos/467d687ed637b14db57a4c11a0f46d30004dbfec
JPpVeXHR,/posts/videos/467d687ed637b14db57a4c11a0f46d30004dbfec
QPW43Bba,/posts/videos/208ce3e82d282bb6832555b42cd3fcd3aa97cb10
jMCMHZ3R,/posts/videos/208ce3e82d282bb6832555b42cd3fcd3aa97cb10
ThpUvkEa,/posts/videos/0496ad3e77e7843b75c0b198de12e8a374fb4b56
2QzQANaG,/posts/videos/0496ad3e77e7843b75c0b198de12e8a374fb4b56
7BvGBF5T,/posts/videos/43974963fb54b5d3be69399a7ee9ced38bf3fec2
KSsojkm8,/posts/videos/43974963fb54b5d3be69399a7ee9ced38bf3fec2
dosGGppw,/posts/videos/75e20e1bd0974a01f086018a26ebca34623f76fb
8MSWXoLA,/posts/videos/75e20e1bd0974a01f086018a26ebca34623f76fb
SzmSKwHL,/posts/videos/42322ffb0ea09d34f0df7c4cab217dd2a6d3b93d
noupqWbD,/posts/videos/42322ffb0ea09d34f0df7c4cab217dd2a6d3b93d
i8Bfe9uc,/posts/videos/091b86053cfc5356aa2ad3e77aeee556b1b79dab
ZNs4iaDB,/posts/videos/091b86053cfc5356aa2ad3e77aeee556b1b79dab
aj2b8zuC,/posts/videos/78b1bba0728c71a8328259a5263b5bbe4ed4185b
AzpKwiZN,/posts/videos/78b1bba0728c71a8328259a5263b5bbe4ed4185b
WiHhUtfs,/posts/videos/0ca2f24de18524aa253141ae97b39a094cb84fe0
9WeoAJVp,/posts/videos/0ca2f24de18524aa253141ae97b39a094cb84fe0
Mj4LyKBj,/posts/videos/03491df7b2c148bfe5113b65cd460903dc43605c
oKiH6wd8,/posts/videos/03491df7b2c148bfe5113b65cd460903dc43605c
j8pydhaR,/posts/videos/c63e87e864fb9cff18d0cd054754fafa3e87f29f
WVBVAiqD,/posts/videos/c63e87e864fb9cff18d0cd054754fafa3e87f29f
AfDKDZ3m,/posts/videos/99f2ccb089f9e9ca949db62b66623a53c4610797
4ivkgxDq,/posts/videos/99f2ccb089f9e9ca949db62b66623a53c4610797
Y8WqbAgb,/posts/videos/c6a8b4bdc66468b6633f4e60f19274b607387f72
RJD82ZGL,/posts/videos/c6a8b4bdc66468b6633f4e60f19274b607387f72
AhLjFZKC,/posts/videos/e3541493b3f99c3930933d66c44cf0887e144562
JQFx3LpF,/posts/videos/e3541493b3f99c3930933d66c44cf0887e144562
YUqNe4JR,/posts/videos/299bed81e74b949b0fbfb2fa3f5992199249d637
MwUFTnrk,/posts/videos/299bed81e74b949b0fbfb2fa3f5992199249d637
hj5SyQkD,/posts/videos/da8d5bf0c9684091331f16f26bc919a88fc5132e
Re2nxkXi,/posts/videos/da8d5bf0c9684091331f16f26bc919a88fc5132e
eGhXX6Z3,/posts/videos/3895dd5325188593dbacc2303d2d5ac5eb767b9c
fMwm4vzV,/posts/videos/3895dd5325188593dbacc2303d2d5ac5eb767b9c
kwLzSbgu,/posts/videos/315e54fc8db80c90a59971103a29552196744ae4
ToQQKxoM,/posts/videos/315e54fc8db80c90a59971103a29552196744ae4
S8FcicG6,/posts/videos/fd120acfb963f6811f363b78781cb7cf20d3f898
ZcfqbJbq,/posts/videos/fd120acfb963f6811f363b78781cb7cf20d3f898
goryPKU5,/posts/videos/3a826dd203aae697425b08d6e64c3016849b1867
XbgdevkK,/posts/videos/3a826dd203aae697425b08d6e64c3016849b1867
XVLRHyWY,/posts/videos/a19c896bf2be0da69a7a87ac9384bc2b9e0c0f2d
9vintc44,/posts/videos/a19c896bf2be0da69a7a87ac9384bc2b9e0c0f2d
CJnmnoGt,/posts/videos/668efbb65834cf133b4d2d68534344238a621abf
4Tt6LuWY,/posts/videos/668efbb65834cf133b4d2d68534344238a621abf
J9nbHibc,/posts/videos/dbe25ef8aa16921f93ea226559380af545b234d7
2T4zT3LY,/posts/videos/dbe25ef8aa16921f93ea226559380af545b234d7
5kNrPN25,/posts/videos/b815088ef160fadbd4cb9639ad68c92688a82949
LjMihdUF,/posts/videos/b815088ef160fadbd4cb9639ad68c92688a82949
d7ruy9pJ,/posts/videos/96fb0aabb894748acd2356d33239a071360ade7c
RusmKHeT,/posts/videos/96fb0aabb894748acd2356d33239a071360ade7c
FJK5VL9W,/posts/offers/0b7700e842a5c9f75db7ea59d4d277a36815b9ac
UNKycLN7,/posts/offers/0b7700e842a5c9f75db7ea59d4d277a36815b9ac
SzBsfXk7,/posts/offers/4231fc994330715b78de08bdd74de6b4fe098299
EnDEjdRE,/posts/offers/4231fc994330715b78de08bdd74de6b4fe098299
V3eyBYDV,/posts/offers/4cecaa56a0723bc7e9c012b5726c42182fdb66f6
frJA5iBM,/posts/offers/4cecaa56a0723bc7e9c012b5726c42182fdb66f6
VXfDdSoF,/posts/offers/1e1f4b37b919c2ec432af5ffa882790d56b3437d
NwWy99Uu,/posts/offers/1e1f4b37b919c2ec432af5ffa882790d56b3437d
iVdBXwa3,/posts/offers/6818db4887953b860a4cad0e131f8b1bce9daabb
9W4kf6Uc,/posts/offers/6818db4887953b860a4cad0e131f8b1bce9daabb
XJmsnuNw,/posts/offers/7b29b1327fb9816dd5340934d69ad75522898eda
emmA6mwU,/posts/offers/7b29b1327fb9816dd5340934d69ad75522898eda
7jdGPFv4,/posts/offers/7754c9991918c9e11c344a3aed66fd4479660b5a
APmMqe5N,/posts/offers/7754c9991918c9e11c344a3aed66fd4479660b5a
aa3XumKJ,/posts/offers/ebf9ed5e8c193877b9234a9fdb1c7a4a4570a0b4
93nkAVGR,/posts/offers/ebf9ed5e8c193877b9234a9fdb1c7a4a4570a0b4
cY9xkVdp,/posts/offers/cf09a0177b4b693e273b4bfaf1f7389a48195a25
dtqbo2DZ,/posts/offers/cf09a0177b4b693e273b4bfaf1f7389a48195a25
EKTY6uKd,/posts/offers/fcc240691c646fccd8eefc12dbb0583f58e7534c
VhyKfhjN,/posts/offers/fcc240691c646fccd8eefc12dbb0583f58e7534c
dAAj4oUo,/posts/offers/586a24fcf599aa3e929f5e286900ca4c632df475
E5gyfCnn,/posts/offers/586a24fcf599aa3e929f5e286900ca4c632df475
ZaFwXe6g,/posts/offers/a34506544d0a62bf475842dd8b1b9ba04ca6dd62
HJQSAsmx,/posts/offers/a34506544d0a62bf475842dd8b1b9ba04ca6dd62
heUjGtyJ,/posts/offers/c5dec8443a122b6c672832d823911b70b0f9a0cc
NmckuU6E,/posts/offers/c5dec8443a122b6c672832d823911b70b0f9a0cc
npZHiHAZ,/posts/offers/66e1cdd46704952dd9ced0ac308c1575e05089be
MizGntRV,/posts/offers/66e1cdd46704952dd9ced0ac308c1575e05089be
iJfzfWes,/posts/offers/29bdc86a16e4b46d913d9ed52baaa0e1fb53f090
e9w5Jr2U,/posts/offers/29bdc86a16e4b46d913d9ed52baaa0e1fb53f090
oMQCS8Qw,/posts/offers/ef6638123af635482040e561411955f0cfe3d9ef
7b3mNi5i,/posts/offers/ef6638123af635482040e561411955f0cfe3d9ef
5N7JVfQm,/posts/offers/d8165f2e5a5b4495be300fed54f15abcf0bd9880
T9Y7kQwp,/posts/offers/d8165f2e5a5b4495be300fed54f15abcf0bd9880
894ad9KJ,/posts/offers/aa38321fec33a082db4951f5d3be245354cacd25
iFydphXU,/posts/offers/aa38321fec33a082db4951f5d3be245354cacd25
YRBhN6qj,/posts/offers/933554ad15cbeded2fbe65b782d58fb11269c551
eys2Ckzu,/posts/offers/933554ad15cbeded2fbe65b782d58fb11269c551
k9CxfWaq,/posts/offers/05b40983060f0d48939a3853eda84faeea942b08
PnqJAp7R,/posts/offers/05b40983060f0d48939a3853eda84faeea942b08
Y7oMQ2By,/posts/offers/a16cd64e942566c4e19cf362a19421d39c100911
fmM8qgho,/posts/offers/a16cd64e942566c4e19cf362a19421d39c100911
MyxWed9e,/posts/offers/4ca13b107a7165ef1a10db9151d779fa838bac57
R5yNBDBA,/posts/offers/4ca13b107a7165ef1a10db9151d779fa838bac57
oWoWWHA7,/posts/offers/f792948b06ff6d2f9fa350af06e8bd0e30b4e7d6
Ed8XYkHo,/posts/offers/f792948b06ff6d2f9fa350af06e8bd0e30b4e7d6
QXXDog4s,/posts/offers/e249fe71dda2d93e2b7bf57f54fe2fbcecabff33
jjW4phDS,/posts/offers/e249fe71dda2d93e2b7bf57f54fe2fbcecabff33
cuBH9gdU,/posts/offers/ddd1b03fbcfa32f25bfa14be7da3aa3e8ce83fa9
bMYKxRMK,/posts/offers/ddd1b03fbcfa32f25bfa14be7da3aa3e8ce83fa9
iYaaYEsC,/posts/offers/2a2cda6fc58cb2873384f2ce4a058519a1e76e78
XcAoQmbM,/posts/offers/2a2cda6fc58cb2873384f2ce4a058519a1e76e78
jqQtgxkE,/posts/offers/fba91f2d87cbc27613edebad6b0464bf8d53b052
5HEd4837,/posts/offers/fba91f2d87cbc27613edebad6b0464bf8d53b052
aCQaqce5,/posts/offers/3d350c4ef670601eb892ca94a7c36fdfc9e4cf46
C6cRe6qy,/posts/offers/3d350c4ef670601eb892ca94a7c36fdfc9e4cf46
J333k6iX,/posts/offers/f2227d544754f505849ee53a447c2359b4c62001
7zH6ztBv,/posts/offers/f2227d544754f505849ee53a447c2359b4c62001
Qke6HqSG,/posts/offers/3a9306c5668dab3a9ebe005d15be068ac0819bb7
8RvcdB98,/posts/offers/3a9306c5668dab3a9ebe005d15be068ac0819bb7
Pg4niUUd,/posts/podcasts/fa53b92db7fc3b4092e8216fb42f5e4097886559
L8MszNec,/posts/podcasts/fa53b92db7fc3b4092e8216fb42f5e4097886559
FmuHdTE3,/posts/podcasts/d675e9a373a8278674623fa79ca8f1b37d8d8b8b
eU2aD3ie,/posts/podcasts/d675e9a373a8278674623fa79ca8f1b37d8d8b8b
AFw9VPSj,/posts/podcasts/9a58a8de65d273e697d5ad9dd80effdb65e57a2e
7AWzMaEM,/posts/podcasts/9a58a8de65d273e697d5ad9dd80effdb65e57a2e
2L23oMXk,/posts/podcasts/2ccf25a392b2b6d792cfb820273379951f1be2f5
22jRVrD2,/posts/podcasts/2ccf25a392b2b6d792cfb820273379951f1be2f5
9kHmCaBG,/posts/podcasts/0d79bc2e2111fe820ac9e470af6f73663c0c41d9
9pLJUXwN,/posts/podcasts/0d79bc2e2111fe820ac9e470af6f73663c0c41d9
fNotBhrN,/posts/podcasts/671bdfb9eb0e60bd359762214bcf02af11668edf
NepmgWhD,/posts/podcasts/671bdfb9eb0e60bd359762214bcf02af11668edf
Dhw8qvrN,/posts/podcasts/df5a0de78a953b71d92426cfeca59143a4c709b8
Vn9GZrTu,/posts/podcasts/df5a0de78a953b71d92426cfeca59143a4c709b8
MpCMhRTr,/posts/podcasts/0891bc6fee92d4e3487b0c0316e78ba0563ef916
MjgccEyF,/posts/podcasts/0891bc6fee92d4e3487b0c0316e78ba0563ef916
QsCTZ5w9,/posts/podcasts/9ecc793a6ff6b1b61280268771cbe2fca34cf2ef
4JC4kBvG,/posts/podcasts/9ecc793a6ff6b1b61280268771cbe2fca34cf2ef
XXMJxoWo,/posts/podcasts/a5d684175d36c667d0a33c0d062c067bdff018e8
hJdm2Gk6,/posts/podcasts/a5d684175d36c667d0a33c0d062c067bdff018e8
YGA5Dmmx,/posts/podcasts/6414d16a0b8bf76c394e4652419260f8ae11dfd4
fHg8xrWE,/posts/podcasts/6414d16a0b8bf76c394e4652419260f8ae11dfd4
NEp8itbZ,/posts/podcasts/97e34d9d747e90cc1779414002a1d2fa2f3a652e
WLY8LsCA,/posts/podcasts/97e34d9d747e90cc1779414002a1d2fa2f3a652e
fdYiuMR9,/posts/podcasts/2a811bbc61b17313e5b7b35a67ff644b74df8e59
Pw3mm4Qa,/posts/podcasts/2a811bbc61b17313e5b7b35a67ff644b74df8e59
6xrsyJo6,/posts/podcasts/6f95b350cce642dff6e84ea1af7362e6bdb720fe
879tZEhW,/posts/podcasts/6f95b350cce642dff6e84ea1af7362e6bdb720fe
ngo6j5MQ,/posts/podcasts/56cc140d95c9fb7102da8a921e21a5c03f72a0d3
hQgr23F7,/posts/podcasts/56cc140d95c9fb7102da8a921e21a5c03f72a0d3
a8F6sbJU,/posts/podcasts/854eaf92c183840eac7708443ccd4bcfa3bf3ab4
mcE72GKk,/posts/podcasts/854eaf92c183840eac7708443ccd4bcfa3bf3ab4
J3cqjFZ4,/posts/podcasts/5ebcba21ee29c8b41b72fd77635641f01559623c
iKPZ7Z73,/posts/podcasts/5ebcba21ee29c8b41b72fd77635641f01559623c
n2oMeGCx,/posts/podcasts/4b08ed791ffdf1ed923a575ad1a6032fb4f22c9e
4pJAgSfQ,/posts/podcasts/4b08ed791ffdf1ed923a575ad1a6032fb4f22c9e
MSkY2DDB,/posts/podcasts/8c65d2abe198fff957725e8080b61c6bb5af8416
bWtmCncz,/posts/podcasts/8c65d2abe198fff957725e8080b61c6bb5af8416
nLrpLb46,/posts/podcasts/19ad457cd3d0b9a1fb5e30ff88844d1e37b05574
f6fsHX3M,/posts/podcasts/19ad457cd3d0b9a1fb5e30ff88844d1e37b05574
Z93PffpJ,/posts/podcasts/e661cd11671b1c4b0be58a47a857139de6e174ba
QR6AAACt,/posts/podcasts/e661cd11671b1c4b0be58a47a857139de6e174ba
ADfY7KGe,/posts/podcasts/6c683cfa0658e4c7468133930fff3c24d1370557
RrQrpATU,/posts/podcasts/6c683cfa0658e4c7468133930fff3c24d1370557
GewKKtAQ,/posts/podcasts/518da02e6508ea02390ff494efd933871d97e95c
T3yw8Yr4,/posts/podcasts/518da02e6508ea02390ff494efd933871d97e95c
NdfvaKi2,/posts/podcasts/4193fc2dd2f723442c0ec00b31fb057a1ec4370b
goYs2HZX,/posts/podcasts/4193fc2dd2f723442c0ec00b31fb057a1ec4370b
7wUCPzC9,/posts/podcasts/f9b1e6ec68c3347d56bc02c7f14bad4a0a29b65e
CTmebfJV,/posts/podcasts/f9b1e6ec68c3347d56bc02c7f14bad4a0a29b65e
QaGNAt6u,/posts/podcasts/1b904181bb1a82a547a6bc6504a84720837cb541
ZYz9MJzp,/posts/podcasts/1b904181bb1a82a547a6bc6504a84720837cb541
HrEyhBRF,/posts/podcasts/29fb40d4708f1733bd69d2afb9cafad87a06d04c
bvmyzAeQ,/posts/podcasts/29fb40d4708f1733bd69d2afb9cafad87a06d04c
VY3vX8wQ,/posts/podcasts/b29f14cbede7d609714ad1a08f99aa256914d08c
bWoTjVbG,/posts/podcasts/b29f14cbede7d609714ad1a08f99aa256914d08c
XMAXnubg,/posts/podcasts/b60184a93188cf469ace92a87c40210d722e7106
RmJRKRGo,/posts/podcasts/b60184a93188cf469ace92a87c40210d722e7106
k8eGdnrG,/posts/podcasts/37a4e5b8154cf985f0a34ed6463da1889b73abd1
PrmWRVZS,/posts/podcasts/37a4e5b8154cf985f0a34ed6463da1889b73abd1
